name,email,company,password,linkedIn_profile,twitter_profile
Ame Sheircliffe,asheircliffe0@newsvine.com,Brainsphere,nGLWijUqR,https://icq.com/dapibus/augue/vel.aspx,https://loc.gov/nisl/venenatis.html
Avram Clooney,aclooney1@boston.com,Yodoo,DSd9rk,https://dagondesign.com/est/donec/odio/justo/sollicitudin.html,http://weibo.com/maecenas/rhoncus/aliquam/lacus.html
Haley Claus,hclaus2@epa.gov,Skinte,1PScTgg,http://globo.com/sapien/placerat/ante/nulla/justo/aliquam.jpg,https://shutterfly.com/morbi/odio/odio/elementum/eu.js
Brendin Alderson,balderson3@salon.com,Eare,OgfKFgIqy,http://comcast.net/parturient/montes/nascetur/ridiculus.jpg,https://europa.eu/libero/convallis/eget/eleifend/luctus/ultricies.png
Hebert Hurne,hhurne4@washington.edu,Tagpad,0DM3m3NG,https://vinaora.com/amet/sapien/dignissim/vestibulum/vestibulum.jpg,https://miitbeian.gov.cn/dapibus/dolor/vel/est.jpg
Arv Babbidge,ababbidge5@infoseek.co.jp,Jayo,ziPYSaXujBi8,https://ifeng.com/ligula/nec/sem/duis/aliquam/convallis/nunc.png,https://sfgate.com/ut/tellus/nulla/ut.js
Corey Grigoriev,cgrigoriev6@shutterfly.com,Realmix,f2t3UiWwLM,https://unesco.org/lacus/curabitur/at/ipsum/ac.aspx,http://odnoklassniki.ru/interdum/mauris/non/ligula/pellentesque/ultrices/phasellus.png
Brew Kingsman,bkingsman7@imgur.com,Oyoba,QwpcjSZ,http://last.fm/morbi/non/lectus/aliquam/sit/amet.jsp,http://google.com.hk/dui/nec/nisi/volutpat/eleifend/donec/ut.html
Mollie Marrion,mmarrion8@ifeng.com,Devpoint,PvFKg69vuYG,https://unblog.fr/nullam/sit/amet/turpis.json,https://utexas.edu/pellentesque/volutpat/dui.aspx
Rockey Saye,rsaye9@barnesandnoble.com,Thoughtbridge,x0Ct7iN,https://etsy.com/mus/vivamus/vestibulum/sagittis/sapien/cum/sociis.jsp,https://wunderground.com/consectetuer/eget/rutrum/at.jpg
Arabela Blewitt,ablewitta@google.com.hk,Quatz,4TlIeTue,https://yolasite.com/vel/est/donec/odio/justo.xml,https://uol.com.br/ut/massa/volutpat/convallis/morbi/odio.js
Chelsey Muttock,cmuttockb@dailymotion.com,Midel,pCqpEY,https://alexa.com/erat/volutpat/in.html,http://bigcartel.com/praesent/blandit/lacinia/erat/vestibulum.png
Eadie Dennerly,edennerlyc@cornell.edu,Jaxworks,0ZrAYWz32,https://unc.edu/varius.xml,https://sun.com/quis/turpis/sed/ante.jsp
Richardo Windridge,rwindridged@constantcontact.com,Thoughtblab,zG434k1zH,https://myspace.com/eget/massa/tempor/convallis/nulla.xml,http://prlog.org/donec/pharetra/magna.html
Madeline Yeatman,myeatmane@youtu.be,Tavu,q02wVJ,http://google.it/sollicitudin/ut/suscipit/a/feugiat/et/eros.aspx,http://ucla.edu/nulla/tellus/in/sagittis/dui/vel.jpg
Thom Woodham,twoodhamf@nbcnews.com,Dynabox,jeo42fcssck,https://washington.edu/sit/amet.json,http://wunderground.com/nam.png
Bryon Wildber,bwildberg@ustream.tv,Zoomzone,Y9FhZksi,https://dion.ne.jp/quis/orci/eget/orci/vehicula/condimentum/curabitur.jsp,https://soundcloud.com/curabitur/convallis.png
Hillie Corsan,hcorsanh@yandex.ru,Brightbean,36cT02nDs8P,http://berkeley.edu/sed/vestibulum/sit/amet/cursus/id/turpis.jsp,https://prnewswire.com/ornare/consequat/lectus/in.aspx
Phelia Attyeo,pattyeoi@mashable.com,Feedspan,Fj6Hgvi,https://amazonaws.com/enim/in/tempor.png,https://people.com.cn/commodo/placerat/praesent/blandit/nam/nulla/integer.jpg
Linzy Hasard,lhasardj@wordpress.com,Wikibox,qSzbxhgWlb,https://reverbnation.com/nulla/elit/ac/nulla/sed.aspx,http://columbia.edu/sit/amet/sapien/dignissim.aspx
Godiva Aspel,gaspelk@goodreads.com,Yamia,FxrzqiMNIq,http://pcworld.com/justo/pellentesque/viverra/pede.html,http://netscape.com/ac/lobortis/vel.html
Cristen Dewey,cdeweyl@spotify.com,Brainverse,SNwvGJ,http://ocn.ne.jp/integer/ac/neque/duis.js,http://360.cn/ultrices.jpg
Marcelle Besset,mbessetm@cbc.ca,Realcube,aL04POUe,http://1688.com/nulla/neque/libero/convallis.jsp,https://cloudflare.com/interdum/mauris/non/ligula/pellentesque/ultrices/phasellus.json
Bea Breslane,bbreslanen@is.gd,Oyoba,0Fxb2PMj7,https://163.com/tincidunt/in/leo/maecenas.aspx,https://sciencedaily.com/mi/pede/malesuada.aspx
Byrle Mariaud,bmariaudo@ucsd.edu,DabZ,OoV2meYzY,https://mysql.com/morbi/porttitor/lorem/id/ligula/suspendisse.xml,https://google.ca/ipsum/primis.js
Modestine MacAdam,mmacadamp@washingtonpost.com,Topicstorm,TX2RLa,https://typepad.com/nonummy/maecenas/tincidunt/lacus/at/velit.aspx,http://omniture.com/praesent/id/massa/id/nisl/venenatis/lacinia.html
Greer Whawell,gwhawellq@unc.edu,Wikivu,vHTHUR,https://dailymail.co.uk/velit/eu.jsp,https://hc360.com/erat/nulla/tempus/vivamus/in/felis.html
Corella Mycroft,cmycroftr@mozilla.org,Flipstorm,xLjqMT2eqr,https://sphinn.com/viverra/dapibus/nulla/suscipit/ligula/in/lacus.xml,https://people.com.cn/arcu/sed.json
Papageno Barnfather,pbarnfathers@smugmug.com,Voolith,GzOIjltk,https://yellowbook.com/in/felis/donec.png,https://unesco.org/phasellus.png
Welbie Briamo,wbriamot@qq.com,Yata,BesFm5,http://plala.or.jp/at/nulla/suspendisse.json,https://technorati.com/ultrices/erat/tortor/sollicitudin/mi/sit.jsp
Mischa M'Chirrie,mmchirrieu@hao123.com,Riffpath,a5jLYyNFcT,http://phoca.cz/sapien/non.js,https://hugedomains.com/curabitur/gravida/nisi.jpg
Tremaine Brosel,tbroselv@oracle.com,Gabtune,gwuoKyi,http://umn.edu/ac/neque/duis/bibendum/morbi/non/quam.json,http://hexun.com/praesent/blandit/nam/nulla.json
Mart de Merida,mdew@imageshack.us,Miboo,yakNYuXzCcF,http://amazon.de/elit/sodales/scelerisque/mauris/sit.jsp,http://washington.edu/est/et/tempus/semper.js
Cchaddie Greensides,cgreensidesx@cbsnews.com,DabZ,SCzFgZ4HVlS,https://ehow.com/sit/amet.jsp,https://nba.com/donec/semper/sapien/a.xml
Reuven Serginson,rserginsony@phpbb.com,Rooxo,Gm8DVmx4,http://upenn.edu/tincidunt/eu/felis/fusce/posuere.json,https://tripadvisor.com/tempus/vel/pede/morbi/porttitor/lorem.jpg
Roma Dacombe,rdacombez@instagram.com,Yodo,dBIqVITTDuVp,http://privacy.gov.au/mus/etiam.html,https://cbc.ca/quam/turpis/adipiscing.js
Lloyd Plaister,lplaister10@boston.com,Chatterbridge,JMGFmCUK3Hs1,http://techcrunch.com/at/vulputate/vitae.html,http://mlb.com/accumsan/felis/ut/at/dolor.aspx
Mada Sherrum,msherrum11@unesco.org,Yakidoo,QGHgWPeL1,https://umn.edu/sapien/sapien/non/mi/integer.png,http://instagram.com/tristique/fusce.jsp
Fritz Jee,fjee12@google.com.hk,Skinix,Z9QDqbOA,https://phoca.cz/nulla/suscipit/ligula/in.png,https://theglobeandmail.com/odio/porttitor/id/consequat/in/consequat/ut.xml
Latrina Kerbey,lkerbey13@privacy.gov.au,Divape,Wm4itgVWviY,http://cmu.edu/praesent/id/massa.jpg,http://narod.ru/elementum/in/hac/habitasse/platea.jpg
Bobby Winckle,bwinckle14@blog.com,Realcube,aT4b5vhO3q,https://sogou.com/est/phasellus/sit/amet/erat.aspx,https://marketwatch.com/elementum.png
Jessa Ilyinski,jilyinski15@bandcamp.com,Mynte,5IPMqmZVx2u,https://berkeley.edu/blandit/lacinia/erat/vestibulum/sed/magna/at.xml,http://house.gov/nam/congue/risus/semper/porta.xml
Cindelyn Donavan,cdonavan16@gov.uk,Gigazoom,XLazzE,https://icio.us/libero/nam/dui.js,http://slashdot.org/id/justo/sit/amet/sapien/dignissim.jpg
Corney Skidmore,cskidmore17@intel.com,Feedbug,GRTNOv,http://gravatar.com/id/sapien/in/sapien/iaculis/congue/vivamus.html,http://youtube.com/fusce/congue/diam/id/ornare.xml
Arnie Linkie,alinkie18@tripod.com,Photospace,AQco6fFYb7,https://shareasale.com/est/risus/auctor/sed/tristique/in.jpg,https://typepad.com/et.jsp
Hurleigh Breckell,hbreckell19@soundcloud.com,Youspan,gdqdoDhkrD,http://naver.com/tortor/id/nulla/ultrices.jsp,https://posterous.com/dolor/sit/amet.html
Ellette Blaycock,eblaycock1a@dropbox.com,Voonix,Qo2Mhl5zPEQj,http://cyberchimps.com/aliquam/sit/amet/diam/in/magna/bibendum.aspx,http://123-reg.co.uk/nunc.js
Raleigh Deeman,rdeeman1b@mozilla.org,Fadeo,oHFgIjv58q,http://goodreads.com/interdum/mauris/ullamcorper/purus/sit/amet.xml,http://sphinn.com/gravida/nisi/at.json
Carlie Weber,cweber1c@dell.com,Avaveo,MBfR8rpW4ae,http://blinklist.com/pede/justo/eu/massa/donec/dapibus/duis.json,http://so-net.ne.jp/erat/curabitur/gravida/nisi/at/nibh.aspx
Ernie Beszant,ebeszant1d@cargocollective.com,Leenti,owhmNA7W7m5,http://instagram.com/vel/dapibus.jsp,http://myspace.com/mi/nulla/ac/enim/in.jsp
Dara Samuels,dsamuels1e@cpanel.net,Linkbuzz,ubJSvOl9qPZt,https://theatlantic.com/sed.aspx,https://usda.gov/augue/luctus/tincidunt/nulla.aspx
Winnah Reading,wreading1f@yellowbook.com,Vimbo,cPFlpXV,https://army.mil/nam/nulla/integer.png,http://go.com/velit/nec/nisi.aspx
Isador Songhurst,isonghurst1g@shareasale.com,Miboo,rVwKb30YM,http://springer.com/metus.jpg,http://sbwire.com/magna/at/nunc.png
Catlin Garnett,cgarnett1h@shareasale.com,Skaboo,Lh2QdqAy,https://skyrock.com/natoque/penatibus/et/magnis/dis.aspx,https://trellian.com/mi.html
Pauly McKomb,pmckomb1i@google.co.jp,Blogtags,hcTDCslj,http://meetup.com/integer/ac/neque/duis/bibendum.jpg,http://shareasale.com/mi/pede/malesuada/in.html
Ekaterina Want,ewant1j@uol.com.br,Quimm,W8gPILM54bZ,http://xrea.com/sapien/sapien.json,http://prnewswire.com/morbi/odio/odio.js
Doe Surmon,dsurmon1k@google.com.hk,Demimbu,qEOspHFiD,http://independent.co.uk/dui/nec.aspx,https://dropbox.com/in/sapien/iaculis.js
Dianna Caplin,dcaplin1l@loc.gov,Youfeed,FBuu4cQQf,https://histats.com/eleifend/donec.jpg,http://reference.com/lacus/at/velit/vivamus/vel/nulla/eget.js
Gwynne Jocic,gjocic1m@hexun.com,Rhyzio,b0xuey0cbk,https://yandex.ru/odio/elementum.jsp,http://joomla.org/integer/aliquet/massa/id/lobortis/convallis.aspx
Aharon Kingsbury,akingsbury1n@alexa.com,Layo,G9APLKB9R,http://miitbeian.gov.cn/pretium/quis/lectus/suspendisse.png,https://ucla.edu/posuere/nonummy/integer.js
Wallis Balderson,wbalderson1o@xinhuanet.com,Skynoodle,NGaeolOdKk,http://meetup.com/quam/a/odio/in/hac.jpg,https://reference.com/ultrices/erat/tortor/sollicitudin/mi/sit.json
Ad Tal,atal1p@google.com,Quatz,qbOjgyjIenV,http://miibeian.gov.cn/tellus/nisi/eu/orci/mauris/lacinia.png,https://joomla.org/nulla/suspendisse/potenti/cras/in.xml
Angel Pineaux,apineaux1q@army.mil,Jabbersphere,6ICqgy4,https://ucla.edu/rutrum/rutrum/neque/aenean/auctor/gravida/sem.js,http://buzzfeed.com/sed.html
Rosemary Pessold,rpessold1r@e-recht24.de,Flashdog,GRdlSxQH3iN,http://nhs.uk/eget/orci/vehicula/condimentum/curabitur/in.aspx,http://who.int/euismod/scelerisque/quam/turpis/adipiscing/lorem/vitae.jsp
Felix Eadmead,feadmead1s@sourceforge.net,Divape,6tteSVNU,http://walmart.com/non/ligula/pellentesque/ultrices/phasellus/id.png,https://google.co.jp/massa.png
Cassondra Benettelli,cbenettelli1t@wsj.com,Yoveo,oz4N3ru,https://abc.net.au/luctus/et/ultrices.js,https://paypal.com/nullam/sit/amet/turpis.xml
Greg Lawles,glawles1u@t.co,Bluejam,wGIyY7Hp9gJ,http://google.co.jp/auctor/sed/tristique.xml,https://gravatar.com/mauris/eget/massa/tempor/convallis/nulla.js
Penny Gately,pgately1v@newyorker.com,Gigaclub,D3LMkiz,http://acquirethisname.com/congue/diam/id.js,http://live.com/praesent/blandit/lacinia/erat/vestibulum.jpg
Betteann D'Onise,bdonise1w@thetimes.co.uk,Dazzlesphere,Zk4IgT,https://shareasale.com/volutpat/sapien/arcu/sed/augue/aliquam/erat.xml,http://addthis.com/integer/aliquet/massa/id/lobortis/convallis.json
Stanley Ipsly,sipsly1x@cdbaby.com,Voonix,A84WLhcj,http://eepurl.com/odio/justo.js,https://soup.io/natoque/penatibus/et/magnis/dis/parturient.js
Judye Faire,jfaire1y@youku.com,Voonix,PS7hL1f3qqdp,http://economist.com/fusce/lacus/purus/aliquet/at.jpg,https://oaic.gov.au/curabitur/at/ipsum/ac/tellus.xml
Bernardine Coots,bcoots1z@apple.com,Dabjam,pOgljPme,http://cyberchimps.com/morbi/non/quam/nec/dui/luctus/rutrum.js,https://netscape.com/potenti.jsp
Ellis Risby,erisby20@newsvine.com,Twimm,3SrTd2,http://usnews.com/morbi/porttitor/lorem/id/ligula/suspendisse/ornare.png,https://tripod.com/ut/blandit/non/interdum/in/ante/vestibulum.png
Micky Paye,mpaye21@blogs.com,Bluezoom,G7Q7R9,http://bluehost.com/vivamus/vestibulum/sagittis/sapien/cum/sociis.png,https://imgur.com/ipsum/primis/in/faucibus.html
Isidro Leggett,ileggett22@unesco.org,Flipbug,thAB9wq6A,http://mtv.com/commodo/vulputate/justo/in/blandit/ultrices/enim.aspx,http://themeforest.net/odio/consequat/varius/integer/ac/leo.jpg
Doe Crossan,dcrossan23@pbs.org,Cogibox,KUOwfyHYsf0T,https://ebay.co.uk/blandit/mi/in/porttitor/pede/justo/eu.aspx,http://histats.com/eu/mi/nulla/ac/enim/in/tempor.js
Isacco Rymill,irymill24@topsy.com,Jayo,RV4zTcdQJh,https://shareasale.com/eu.js,https://umich.edu/donec/semper/sapien/a/libero/nam.jsp
Maressa Bebbington,mbebbington25@oaic.gov.au,Edgeify,uTNhWWU,http://dion.ne.jp/mi/integer/ac/neque.jsp,https://usnews.com/id/consequat/in/consequat/ut/nulla/sed.xml
Joana Swetman,jswetman26@dell.com,Dabvine,q0zCGlfcZ80,https://hhs.gov/sit/amet/lobortis.jsp,http://unblog.fr/interdum/mauris/ullamcorper/purus/sit/amet.js
Warner O'Corren,wocorren27@sphinn.com,Linklinks,NRoTIhVQ4TuP,http://xinhuanet.com/sit/amet/lobortis/sapien/sapien/non/mi.jsp,https://virginia.edu/vestibulum/ac/est/lacinia/nisi/venenatis.json
Barrie Srawley,bsrawley28@typepad.com,Buzzster,u5VfWI,http://opensource.org/morbi.xml,https://cdbaby.com/accumsan/odio.xml
Ava Maughan,amaughan29@posterous.com,Voolith,soxUsEZ7,http://creativecommons.org/sed/tristique/in/tempus/sit/amet/sem.jpg,https://princeton.edu/commodo/vulputate/justo/in.png
Bryon Abeau,babeau2a@w3.org,Gabvine,6UtJFAA,http://census.gov/convallis.png,http://irs.gov/eget.js
Mayne Machon,mmachon2b@sitemeter.com,Chatterpoint,ZSOo0NmYL,http://cisco.com/amet/sem/fusce/consequat.json,https://webs.com/lectus/pellentesque/eget/nunc.jpg
Lanie Dickinson,ldickinson2c@hao123.com,Topiclounge,z5cBv6IrRzpU,http://springer.com/amet/erat/nulla/tempus/vivamus/in.png,https://umich.edu/at/velit/vivamus/vel.jpg
Brynn MacGhee,bmacghee2d@mapquest.com,Fivechat,NkLAlE9xRuns,http://rakuten.co.jp/erat/vestibulum/sed/magna.html,https://theguardian.com/in/hac/habitasse.js
Nolan Waterstone,nwaterstone2e@narod.ru,Photojam,Blmp1j2,https://guardian.co.uk/congue.jsp,https://simplemachines.org/tortor/risus.png
Jeniffer Marvelley,jmarvelley2f@princeton.edu,Camido,DqCNSvXc,http://istockphoto.com/dapibus/dolor/vel/est/donec.png,http://geocities.com/est.jsp
Estel Goodered,egoodered2g@thetimes.co.uk,Youbridge,Hf7eOvm,http://cocolog-nifty.com/fusce/posuere/felis/sed.jpg,https://vkontakte.ru/euismod/scelerisque/quam.aspx
Gayle Bebb,gbebb2h@ebay.com,Quimba,mmMMGRBk,http://seattletimes.com/donec/semper/sapien.json,http://ustream.tv/velit/nec.jsp
Brandie MacChaell,bmacchaell2i@scientificamerican.com,Oodoo,sYgkDIw60v,https://dmoz.org/suspendisse/potenti/in/eleifend/quam/a.jsp,http://msu.edu/posuere/nonummy.jpg
Emmett Mugridge,emugridge2j@uiuc.edu,Fadeo,WLKRcc,https://icq.com/blandit/ultrices/enim/lorem.json,https://shop-pro.jp/condimentum/neque/sapien.json
Thaine Clopton,tclopton2k@nhs.uk,Wordtune,8lozHa1wi4Cz,http://canalblog.com/consectetuer/adipiscing/elit/proin/interdum.png,http://hc360.com/rutrum/at/lorem/integer.json
Charil Rannald,crannald2l@tripadvisor.com,Divape,Ic3dkCZDz1w,https://meetup.com/duis/bibendum/morbi/non/quam/nec/dui.aspx,http://privacy.gov.au/etiam.json
Bax Benka,bbenka2m@nymag.com,Kwilith,CWuhPntM5e,https://goodreads.com/cubilia.jsp,https://parallels.com/ipsum/integer/a/nibh.jpg
Shayla Lanning,slanning2n@msn.com,Voonix,MpRtfDsI,https://hexun.com/vestibulum/aliquet/ultrices/erat.jsp,http://ucoz.com/id/lobortis/convallis/tortor/risus.jpg
Lin Glaysher,lglaysher2o@friendfeed.com,Kanoodle,1tasoAbB7,https://mapy.cz/luctus/et/ultrices.aspx,http://nhs.uk/in/tempus.xml
Kare Hartwell,khartwell2p@nationalgeographic.com,Centizu,qETuLsvj,http://ezinearticles.com/erat/curabitur.jpg,https://phpbb.com/aliquet/maecenas/leo/odio.jpg
Bekki Embury,bembury2q@elegantthemes.com,Digitube,MqSG8osw2c,https://vk.com/turpis/enim/blandit.jpg,http://163.com/pellentesque/ultrices/mattis/odio.jpg
Juliana Babidge,jbabidge2r@booking.com,Yata,hlYD1GNIW40,http://wiley.com/sollicitudin/ut/suscipit.jpg,http://smh.com.au/duis/bibendum/felis/sed.xml
Gert Masdin,gmasdin2s@abc.net.au,Dabshots,rJmjoBfKQHwJ,http://nasa.gov/blandit/ultrices/enim/lorem/ipsum/dolor/sit.jsp,https://slate.com/quis/odio/consequat/varius.jpg
Dicky Petrulis,dpetrulis2t@1688.com,Mycat,ZjjzXoZh,https://a8.net/dapibus/dolor/vel/est/donec/odio.json,https://sina.com.cn/rutrum/neque/aenean/auctor/gravida/sem.aspx
Leland Humbles,lhumbles2u@amazon.de,Oyoyo,e0eJ7B2,http://woothemes.com/eu/nibh.png,http://ucoz.com/habitasse.json
Bernete Dunsmuir,bdunsmuir2v@vinaora.com,Wordware,SlRWO4nS0Qm,http://spiegel.de/pede/lobortis/ligula.html,https://oracle.com/urna/ut/tellus/nulla/ut/erat/id.js
Rebbecca MacAne,rmacane2w@techcrunch.com,Bubbletube,ma9QaApWA2G,http://icio.us/lobortis/ligula/sit.json,http://cafepress.com/ut/massa/volutpat/convallis/morbi/odio.js
Emory Krikorian,ekrikorian2x@chicagotribune.com,Skiba,9lZkQ8E0R,http://sun.com/laoreet/ut/rhoncus/aliquet/pulvinar.js,http://yolasite.com/tincidunt/lacus.js
Linda Davidov,ldavidov2y@patch.com,Youfeed,EQk6whmteZV,https://virginia.edu/ligula/nec/sem/duis/aliquam/convallis/nunc.png,https://behance.net/vulputate.json
Peter Hubach,phubach2z@creativecommons.org,Shuffletag,qQ0qXIAUME,https://unblog.fr/eu/interdum.js,http://so-net.ne.jp/in/est/risus.html
Tabby Harriday,tharriday30@addtoany.com,Topicblab,9mXE7Y6NR,https://jugem.jp/sapien/sapien/non/mi/integer/ac/neque.jsp,http://admin.ch/id.html
Teddi Marney,tmarney31@elpais.com,Eazzy,2zGdbHMdNp,http://pinterest.com/risus/dapibus/augue.png,https://wordpress.org/viverra/dapibus/nulla.jpg
Rozanna Smallman,rsmallman32@odnoklassniki.ru,Yodoo,ClnwtZb,https://opera.com/potenti/nullam.xml,https://themeforest.net/orci/luctus/et.js
Magdaia Kendell,mkendell33@squarespace.com,Dynazzy,icjjvj,https://mail.ru/lacus/at/turpis/donec.json,https://sciencedirect.com/lectus/suspendisse/potenti/in/eleifend.js
Dorice Pollington,dpollington34@redcross.org,Rhynyx,0eCg2HF3,https://google.com.au/libero/convallis/eget/eleifend.html,http://mit.edu/sed/interdum/venenatis.png
Janene Petric,jpetric35@reddit.com,Rhynyx,mzuafWRlI,http://examiner.com/quam/pede/lobortis/ligula/sit.json,http://washingtonpost.com/consequat.html
Merv Spawell,mspawell36@ucsd.edu,Rhybox,YX1NAWxEvgj,https://ted.com/morbi/ut/odio/cras.json,http://flavors.me/auctor/sed/tristique/in.jpg
Simeon Hiorn,shiorn37@macromedia.com,Thoughtstorm,RCaDSbU9q,https://walmart.com/velit/vivamus/vel.js,https://sciencedirect.com/integer/non.html
Josh Joplin,jjoplin38@digg.com,Gabvine,H2VBqqm4mkng,https://blogger.com/cras/in/purus/eu/magna.jpg,http://deliciousdays.com/orci/nullam/molestie/nibh/in/lectus.xml
Bartholomeus Curr,bcurr39@forbes.com,Wikizz,JkQXEzjZ2,https://dyndns.org/cubilia/curae/duis/faucibus.jsp,https://gmpg.org/vestibulum/sed/magna/at.jsp
Wendel Abraham,wabraham3a@booking.com,Meejo,jc6tOm7tK,https://usda.gov/in.png,http://liveinternet.ru/et/eros/vestibulum.json
Ban Mulbry,bmulbry3b@engadget.com,Digitube,CGXdRlK,http://example.com/mattis/nibh/ligula/nec/sem/duis.jpg,http://indiegogo.com/non/mi/integer.jsp
Den Regorz,dregorz3c@php.net,Avamba,UTl7tvbay65f,http://sbwire.com/lorem/id/ligula.json,http://hexun.com/proin/leo/odio/porttitor/id/consequat.js
Ferrel Pavlovsky,fpavlovsky3d@reference.com,Blogtag,dv0Nbwl,https://seesaa.net/neque.jsp,http://cbslocal.com/purus/aliquet/at/feugiat/non.aspx
Virgie Klauber,vklauber3e@illinois.edu,Jabberstorm,xBFRQxx6Y,https://house.gov/tristique.jpg,https://istockphoto.com/et/ultrices/posuere.jpg
Billy Maund,bmaund3f@hugedomains.com,Katz,0bt8Oo,http://virginia.edu/dictumst/etiam/faucibus/cursus.js,http://flickr.com/nascetur/ridiculus.json
Barney Easbie,beasbie3g@youtube.com,Devify,pFqlpLfX,https://amazon.com/leo/odio.html,https://nsw.gov.au/ac/diam/cras/pellentesque/volutpat/dui.json
Colby Dietmar,cdietmar3h@kickstarter.com,Topdrive,9mGS32k7r,http://acquirethisname.com/parturient/montes.xml,https://wp.com/tincidunt/eu/felis/fusce/posuere/felis/sed.png
Sheridan Peltz,speltz3i@va.gov,Zoovu,eTi1tLDRT8Uy,http://tmall.com/hac/habitasse/platea/dictumst.js,https://uiuc.edu/proin/risus/praesent.png
Leonelle Keesman,lkeesman3j@moonfruit.com,Shuffletag,T6A1zLaK9,https://forbes.com/tristique/fusce/congue/diam/id.html,https://ed.gov/tincidunt/eget/tempus/vel/pede/morbi/porttitor.jsp
Haze Kohler,hkohler3k@nyu.edu,Youtags,jXhvxHz,http://samsung.com/tellus/semper/interdum/mauris/ullamcorper/purus/sit.js,http://addtoany.com/ut/at.aspx
Mufinella Blucher,mblucher3l@cargocollective.com,Quamba,b6KBZ4lvM,https://weebly.com/ante/nulla/justo/aliquam/quis/turpis.aspx,https://yahoo.com/maecenas/pulvinar.jpg
Gannie Chrippes,gchrippes3m@bloomberg.com,Oyoloo,18GpheVTOfc,https://phoca.cz/velit.html,https://bizjournals.com/in/blandit/ultrices/enim/lorem.js
Ave De Ruggero,ade3n@sciencedirect.com,Wordtune,lgEEd1A,https://devhub.com/lobortis/est/phasellus/sit/amet.xml,http://livejournal.com/adipiscing.jsp
Kasper Scutchin,kscutchin3o@ycombinator.com,Topdrive,rrKLc65X1p,https://dion.ne.jp/amet/cursus/id/turpis/integer/aliquet/massa.aspx,https://diigo.com/nulla/suspendisse.png
Galen Bramhall,gbramhall3p@spotify.com,Abata,zoIJbdzp,https://nymag.com/adipiscing/elit/proin/interdum/mauris.png,http://github.com/vulputate/vitae/nisl/aenean.js
Janie Ozelton,jozelton3q@yahoo.co.jp,Youbridge,mFCfUj,https://tinypic.com/sociis/natoque/penatibus/et/magnis/dis/parturient.html,http://stanford.edu/etiam/vel/augue/vestibulum.aspx
Katrinka Havers,khavers3r@tinypic.com,Tagpad,KiwgfW,https://bandcamp.com/augue/luctus/tincidunt/nulla/mollis.jsp,http://hubpages.com/id/luctus/nec.jpg
Hortense Mulles,hmulles3s@linkedin.com,Wikido,Ba798LkkDZ,https://microsoft.com/hac/habitasse/platea/dictumst/etiam.json,https://tamu.edu/mi/in/porttitor/pede/justo/eu.jsp
Toby Donisthorpe,tdonisthorpe3t@chron.com,Vimbo,wcnbrJsPc5A6,https://example.com/ac/enim.json,http://exblog.jp/dolor/quis/odio/consequat/varius/integer/ac.json
Josy Rist,jrist3u@yahoo.com,Avamba,sOM5UV27C,https://guardian.co.uk/justo/pellentesque/viverra/pede/ac.jsp,http://auda.org.au/duis/ac/nibh/fusce/lacus.jpg
Amber Pirt,apirt3v@constantcontact.com,Twimm,MOLd98m,http://msu.edu/porttitor/pede/justo/eu/massa/donec.png,http://umn.edu/dui/vel.json
Tania Edmonds,tedmonds3w@t.co,Skipfire,g7481J,https://github.com/vestibulum/ante/ipsum.js,http://cnbc.com/morbi/odio/odio/elementum/eu/interdum/eu.jpg
Clark Anmore,canmore3x@elegantthemes.com,Skibox,8EOBNA,http://delicious.com/eleifend/donec/ut/dolor/morbi/vel/lectus.jpg,http://mayoclinic.com/dapibus/augue/vel/accumsan/tellus.xml
Lucine Reuss,lreuss3y@diigo.com,Trudoo,YFuTGpD,http://photobucket.com/primis/in/faucibus/orci/luctus.xml,http://surveymonkey.com/ut/volutpat/sapien/arcu/sed/augue.html
Whitby Ruffles,wruffles3z@shop-pro.jp,Mita,FZLkRktBg,http://washington.edu/metus/sapien/ut/nunc/vestibulum.jsp,https://miitbeian.gov.cn/eros/viverra/eget.js
Junette Pellatt,jpellatt40@yellowbook.com,Yodo,FKzgrKjK,http://pcworld.com/sit/amet/nunc/viverra/dapibus/nulla.jpg,https://google.fr/dictumst/maecenas/ut/massa.png
Delmar Tate,dtate41@photobucket.com,Photofeed,jeWQiu0L,http://pbs.org/ipsum.js,http://ucoz.ru/purus/eu/magna/vulputate.png
Grier Gooday,ggooday42@deviantart.com,Edgetag,XYRARwVjs1,https://discovery.com/magna/ac/consequat/metus/sapien/ut.png,http://typepad.com/id/massa.xml
Mina Roskell,mroskell43@imageshack.us,Meevee,cfhN4izEMWHW,http://liveinternet.ru/eleifend/donec.png,http://patch.com/at/nibh.aspx
Sophi Epsly,sepsly44@mozilla.com,Lajo,3ropvKZ7Xuny,http://mtv.com/odio/odio/elementum.json,https://addthis.com/in/sagittis/dui/vel/nisl/duis.html
Daphene Marvin,dmarvin45@dmoz.org,Tagpad,8Ol5Tb,https://wordpress.com/ultrices/posuere/cubilia.jpg,http://topsy.com/cras/pellentesque.png
Jolie Farrent,jfarrent46@google.fr,Fatz,JFLX2IQYPAo,https://sogou.com/a/ipsum/integer/a/nibh.json,https://discuz.net/rhoncus.aspx
Lucias Wreiford,lwreiford47@weather.com,Jaxspan,K8rvADy1N,https://shareasale.com/dolor/vel.xml,https://japanpost.jp/fusce/posuere/felis.js
Rorke Mullen,rmullen48@engadget.com,Voonyx,lrCl1hM2RYBa,http://guardian.co.uk/pede/libero/quis/orci/nullam.js,https://tamu.edu/morbi/non/quam/nec/dui/luctus.json
Garold Wagnerin,gwagnerin49@phoca.cz,Zooxo,nCqSR7OCmL,https://weather.com/enim/blandit/mi/in/porttitor.jsp,https://123-reg.co.uk/id/justo/sit/amet/sapien/dignissim.js
Wilton Stegel,wstegel4a@free.fr,Skippad,50DooS6f,http://disqus.com/ultrices.jpg,http://mashable.com/mauris/enim.aspx
Corny Maseres,cmaseres4b@epa.gov,Ainyx,0xXDJHwKHU8,http://ft.com/luctus.html,http://thetimes.co.uk/odio/donec/vitae/nisi.jsp
Betsey Mussotti,bmussotti4c@hp.com,Thoughtmix,vM30fjv3Xg,http://amazon.co.jp/dapibus/duis/at/velit/eu/est.json,http://dot.gov/augue/a/suscipit/nulla/elit/ac/nulla.json
Filmore Bimson,fbimson4d@sbwire.com,Mydo,6VQnvqyT,https://telegraph.co.uk/amet/consectetuer.jsp,https://pinterest.com/interdum/eu/tincidunt.js
Jedidiah Sustin,jsustin4e@cloudflare.com,Miboo,J9E90EKdi,http://redcross.org/id/ligula/suspendisse/ornare/consequat/lectus/in.json,http://theglobeandmail.com/ligula/pellentesque.png
Rabi Cuttell,rcuttell4f@myspace.com,Gigazoom,CiwEOxX,http://cafepress.com/interdum/mauris/non/ligula/pellentesque.png,http://nbcnews.com/in/imperdiet.jpg
Francois Phelips,fphelips4g@topsy.com,Feednation,p4biMUuvx2,https://seesaa.net/massa/id/nisl/venenatis/lacinia/aenean.jsp,https://about.com/platea/dictumst/aliquam/augue/quam/sollicitudin.html
Geraldine Heather,gheather4h@gmpg.org,Kayveo,I8yLpgUK1Y,https://spiegel.de/ac/tellus/semper/interdum/mauris/ullamcorper/purus.xml,http://list-manage.com/lectus/vestibulum.json
Rebeca Ilchuk,rilchuk4i@surveymonkey.com,Edgeblab,SJb0BM,https://bloglovin.com/vestibulum/ante/ipsum.png,https://house.gov/bibendum/morbi/non/quam/nec/dui.aspx
Randal Mathews,rmathews4j@economist.com,Eazzy,0XzlPJaUq9,http://hhs.gov/pellentesque/at/nulla.html,https://state.tx.us/volutpat.xml
Goddart Lanston,glanston4k@i2i.jp,Fivebridge,0AsPjlbS26yi,http://washingtonpost.com/et/magnis/dis/parturient.xml,http://yelp.com/ultrices/posuere/cubilia/curae/donec.json
Daron Bikker,dbikker4l@last.fm,Twinder,CcLXjj0hF90v,http://yolasite.com/metus/aenean/fermentum.png,https://tiny.cc/maecenas/leo/odio.js
Giavani Troth,gtroth4m@reference.com,Babbleblab,RwxA4qbwsfO,https://patch.com/proin/at.png,https://marriott.com/vivamus/vel/nulla/eget/eros.aspx
Yolanda Guidotti,yguidotti4n@businesswire.com,Jatri,1nc1N55ao15,https://google.pl/vestibulum/ante.jsp,http://sciencedirect.com/commodo/vulputate/justo/in/blandit.xml
Wynn Phlippsen,wphlippsen4o@oaic.gov.au,Gigabox,PaPMwXyBc3,http://mit.edu/semper/rutrum.js,https://stanford.edu/semper.xml
Herta Spiaggia,hspiaggia4p@diigo.com,Skyvu,R31u20ax,https://hibu.com/elit/ac/nulla/sed/vel.xml,http://usgs.gov/amet/eleifend/pede/libero/quis/orci.jpg
Lou Amoss,lamoss4q@europa.eu,Jaxworks,bEM2IUvtvZ,https://archive.org/vivamus/vestibulum/sagittis/sapien/cum/sociis/natoque.html,http://over-blog.com/integer/ac.png
Valry Souttar,vsouttar4r@1und1.de,Gevee,4ucgdxXu,http://google.pl/id/turpis/integer.js,https://odnoklassniki.ru/in/quam/fringilla/rhoncus/mauris/enim/leo.png
Maisey Jayume,mjayume4s@prnewswire.com,Skinix,AyL6BhBmy,https://census.gov/gravida/nisi/at/nibh/in.js,http://newsvine.com/auctor/gravida/sem/praesent/id.xml
Kiel Burd,kburd4t@howstuffworks.com,Oyonder,N9CLtXZ2p,https://statcounter.com/sem/sed.jsp,http://typepad.com/massa/id/nisl/venenatis/lacinia.xml
Zed Devitt,zdevitt4u@latimes.com,Voonte,E7VjguD,https://taobao.com/leo/rhoncus/sed/vestibulum/sit.jsp,https://nbcnews.com/orci/nullam.jsp
Hailee McLice,hmclice4v@woothemes.com,Kwinu,aDf2LHE,https://un.org/amet.aspx,https://arstechnica.com/porttitor/id/consequat/in.jsp
Stavro Gudgion,sgudgion4w@youtube.com,Jetwire,hcVSONQY3Zzb,https://chicagotribune.com/dui.png,https://issuu.com/aliquam/lacus/morbi/quis/tortor.jsp
Glynis Inett,ginett4x@spotify.com,Livefish,uXxXhhW1C6,http://nasa.gov/sed/accumsan/felis/ut/at/dolor.jpg,https://sakura.ne.jp/congue/elementum/in.html
Minne Siman,msiman4y@a8.net,Abatz,OfO8hTBfMO,https://fda.gov/morbi.js,http://privacy.gov.au/consequat/dui/nec/nisi/volutpat.png
Mandel Sweatland,msweatland4z@abc.net.au,Devpoint,glvh6ns,http://photobucket.com/odio/justo/sollicitudin.js,https://t-online.de/nulla.aspx
Mickey Marshallsay,mmarshallsay50@eventbrite.com,Meezzy,BFSnYsXc5,https://ameblo.jp/posuere/cubilia/curae/nulla.jsp,http://soundcloud.com/vitae/consectetuer/eget/rutrum/at/lorem.html
Cahra Avieson,cavieson51@networkadvertising.org,Zoonoodle,v4O8RsCYA3O0,http://taobao.com/tincidunt/nulla/mollis/molestie/lorem/quisque.png,https://ihg.com/faucibus/orci/luctus/et/ultrices.json
Pieter Pauleau,ppauleau52@who.int,Tazz,C9N3r7LI,https://hugedomains.com/amet/eleifend/pede/libero/quis.jsp,https://a8.net/orci/eget/orci/vehicula/condimentum/curabitur.aspx
Mayne Southcombe,msouthcombe53@icq.com,Oyoloo,icZZvqm5I38K,http://purevolume.com/nibh/in/quis.aspx,http://psu.edu/pellentesque/ultrices/phasellus/id/sapien/in/sapien.jpg
Angelico Pammenter,apammenter54@hubpages.com,Midel,mJzcQSkISHl,https://hostgator.com/sed/interdum/venenatis/turpis.xml,http://youtube.com/maecenas.jsp
Stormi Egger,segger55@yahoo.co.jp,Realbridge,eEvxF2Kw9qWV,http://answers.com/nisi/vulputate/nonummy/maecenas/tincidunt.png,https://ucoz.ru/auctor/gravida/sem.aspx
Paula Walbridge,pwalbridge56@cafepress.com,Photobug,AmAtBRYzdJv,http://si.edu/dapibus/duis/at/velit/eu.jpg,http://joomla.org/primis/in/faucibus/orci/luctus.png
Halimeda Poxson,hpoxson57@sfgate.com,Jaxspan,jCIVbow,https://earthlink.net/blandit/non/interdum.aspx,https://ebay.com/nulla.js
Axe Jacquemot,ajacquemot58@reuters.com,Dynabox,fpNUCv,http://elpais.com/viverra/dapibus/nulla/suscipit/ligula/in/lacus.jsp,http://infoseek.co.jp/mauris/sit.jsp
Roze Rennison,rrennison59@fema.gov,Realmix,jS4UJr592C1,https://oakley.com/curae.jsp,http://amazon.com/vestibulum/ante/ipsum/primis/in/faucibus.png
Jody Sherel,jsherel5a@spiegel.de,Innojam,gSfd04gYfC74,https://amazon.co.uk/justo/morbi/ut/odio/cras/mi.png,http://mail.ru/sed/tincidunt.xml
Leodora Yarrell,lyarrell5b@prlog.org,Linklinks,5dVh9kyju,http://yolasite.com/vel/accumsan/tellus.jpg,https://free.fr/tortor/sollicitudin/mi/sit/amet/lobortis/sapien.png
Grenville Paoloni,gpaoloni5c@livejournal.com,Yakitri,CX2XttGaq,http://photobucket.com/cum/sociis/natoque/penatibus/et/magnis/dis.png,https://marketwatch.com/posuere/cubilia/curae/mauris.jsp
Ingunna Kopisch,ikopisch5d@wikispaces.com,Kazio,Cf6dF3jV,https://imdb.com/eget/massa/tempor.aspx,http://nationalgeographic.com/sit/amet/justo/morbi.html
Ellis Fearneley,efearneley5e@home.pl,Jabbersphere,hPJDvLz3jO,https://freewebs.com/nulla/ut/erat/id/mauris.jpg,https://howstuffworks.com/eleifend/donec/ut/dolor/morbi/vel/lectus.json
Smitty Headford,sheadford5f@usatoday.com,Youopia,uD6NRB,https://shareasale.com/amet.aspx,http://zimbio.com/purus.js
Charlie Erswell,cerswell5g@nationalgeographic.com,Rhynyx,oslddNxMV,http://hostgator.com/sit/amet/nunc/viverra/dapibus.png,http://abc.net.au/nulla/ultrices/aliquet.aspx
Boot Smedmore,bsmedmore5h@people.com.cn,Flipstorm,YZFZo9yi,https://fda.gov/tortor/risus/dapibus/augue/vel/accumsan/tellus.aspx,https://pen.io/suscipit/a/feugiat.js
Odell Tarbert,otarbert5i@reddit.com,Flashset,fLZiy5oRD3p,http://thetimes.co.uk/suscipit.aspx,http://1688.com/ut/mauris/eget.jpg
Davita Wagon,dwagon5j@bluehost.com,Wordify,46GNOCPu14yG,https://shareasale.com/a/feugiat/et.html,https://mashable.com/at/nunc/commodo/placerat/praesent.html
Vlad Overstall,voverstall5k@apache.org,Pixonyx,stiD1oaFJSD,https://bloglovin.com/aenean/sit.html,https://de.vu/at/nulla/suspendisse.js
Deane Fairbrass,dfairbrass5l@t-online.de,Rhycero,fDKPlIr,https://seesaa.net/diam/erat/fermentum/justo/nec.json,http://bing.com/etiam/vel/augue/vestibulum/rutrum/rutrum.aspx
Gabbi Bonnavant,gbonnavant5m@mediafire.com,Topicware,XyBBvP8Tkh,https://yale.edu/dui/vel/nisl.png,http://reverbnation.com/etiam/vel/augue/vestibulum/rutrum/rutrum.js
Bernadine Knowling,bknowling5n@altervista.org,Twiyo,WOXECp,http://weibo.com/id/lobortis/convallis.jsp,https://psu.edu/diam/cras/pellentesque/volutpat/dui/maecenas.jpg
Prent Gostall,pgostall5o@people.com.cn,Trudoo,jDI5ckDx4ztR,http://360.cn/potenti/in/eleifend.js,http://discuz.net/urna/pretium/nisl/ut.js
Aldis Kleinmann,akleinmann5p@seattletimes.com,Twimm,1Nt3mt,https://gmpg.org/vel/ipsum/praesent/blandit/lacinia/erat.json,https://usda.gov/dolor/morbi/vel/lectus/in/quam.json
Nani Avrahamy,navrahamy5q@hud.gov,Jaxspan,tgMRcmpc,http://yahoo.co.jp/tempor/convallis.xml,https://live.com/quam.js
Mortie Gaydon,mgaydon5r@youtu.be,Topicstorm,OnO9KAIDUQs,https://bing.com/quam/fringilla.json,https://moonfruit.com/aliquam/convallis/nunc/proin.json
Gae Trowle,gtrowle5s@thetimes.co.uk,Yodoo,QuY7cTOkYHTa,http://etsy.com/dui/maecenas/tristique/est/et/tempus.html,https://japanpost.jp/augue/vestibulum/ante/ipsum/primis/in.html
Paule Airdrie,pairdrie5t@github.com,Twitternation,rlhCVKiziNJ,https://dailymail.co.uk/nibh/ligula/nec.xml,https://xinhuanet.com/maecenas/tincidunt/lacus/at/velit.jpg
Christophe Molfino,cmolfino5u@zdnet.com,Babbleblab,YlMfrOJ26eAS,http://about.com/nunc/nisl.xml,http://psu.edu/consequat/nulla/nisl.aspx
Reider Sergant,rsergant5v@dion.ne.jp,Bubbletube,LWMbdyxkIEaV,https://netscape.com/quis/tortor/id/nulla/ultrices.jpg,https://washington.edu/lorem/id/ligula/suspendisse.jpg
Leoine Mountfort,lmountfort5w@wufoo.com,Dablist,vDC5qTh6pN,http://facebook.com/lorem/ipsum/dolor/sit/amet/consectetuer.jsp,https://answers.com/sed/accumsan.js
Dionne Oselton,doselton5x@uiuc.edu,Kamba,jYHQjycic832,https://qq.com/orci/luctus/et/ultrices/posuere/cubilia.xml,https://discovery.com/imperdiet/et/commodo/vulputate.json
Fay Fortoun,ffortoun5y@yellowpages.com,Shuffletag,z1XKwInLL6,https://gmpg.org/nullam.jpg,http://netvibes.com/leo/odio/porttitor.xml
Joela Pointin,jpointin5z@unblog.fr,Fiveclub,BS8jJ04Wn4k,http://technorati.com/mi/pede/malesuada/in/imperdiet/et/commodo.jsp,https://youtube.com/nulla/ac/enim/in/tempor.js
Kylynn Brosenius,kbrosenius60@tiny.cc,Twinte,7v6wy4M6Gq,https://washingtonpost.com/purus/aliquet/at.jpg,https://youtu.be/massa/donec/dapibus.json
Colline Raistrick,craistrick61@linkedin.com,Thoughtworks,BKFFOO9Ct,https://scientificamerican.com/nulla/sed/vel.jpg,https://wordpress.com/amet/consectetuer/adipiscing/elit/proin.json
Ivar Mc Gorley,imc62@squarespace.com,Roomm,Wp7yGsoE,https://amazon.co.jp/fusce/posuere/felis.jsp,http://omniture.com/mus.aspx
Koren Brader,kbrader63@tiny.cc,Leexo,bBvwLcHN,https://businessinsider.com/magnis/dis/parturient/montes/nascetur/ridiculus.jpg,https://howstuffworks.com/luctus.js
Raffarty MacCathay,rmaccathay64@123-reg.co.uk,Trilith,rzWC1pZG7FqW,https://webeden.co.uk/donec/semper/sapien/a/libero.png,https://ftc.gov/eget/elit/sodales/scelerisque/mauris/sit.jpg
Mata Grayham,mgrayham65@shareasale.com,Topicware,dE83wC,http://soundcloud.com/potenti/cras/in/purus/eu/magna/vulputate.json,https://exblog.jp/magna/ac.json
Barnebas Oppy,boppy66@fotki.com,Yotz,wqLx33hD,http://posterous.com/risus/dapibus/augue.html,http://ucla.edu/augue/vestibulum/rutrum/rutrum/neque.jsp
Dynah Ludovico,dludovico67@hc360.com,Oozz,FI4BaN,http://bbb.org/non/lectus/aliquam/sit/amet/diam/in.html,https://reuters.com/tempus/sit/amet/sem/fusce.html
Corri Phebey,cphebey68@jigsy.com,Brainlounge,wRMFzmDMu,http://bbb.org/porta/volutpat/erat.aspx,https://disqus.com/dignissim/vestibulum/vestibulum.png
Gwendolen Pasfield,gpasfield69@t.co,Thoughtmix,BxmMNUIyVCAi,http://homestead.com/rutrum/at/lorem/integer/tincidunt/ante.jpg,https://geocities.com/egestas/metus.json
Herrick Shrawley,hshrawley6a@java.com,Ntag,ZfIWFUpDv3,http://geocities.com/pede/venenatis/non.jpg,http://t.co/vitae/nisl/aenean.xml
Haroun Bloomer,hbloomer6b@nbcnews.com,Aibox,6j2Hq19Xr33,https://sourceforge.net/lacus/curabitur/at/ipsum/ac/tellus.aspx,https://taobao.com/integer/ac/neque/duis/bibendum/morbi.png
Eudora Sandbach,esandbach6c@wordpress.com,JumpXS,uUgxVP89k2ty,https://exblog.jp/suspendisse/accumsan.jpg,https://senate.gov/nec/sem.png
Camila Prout,cprout6d@quantcast.com,Divanoodle,Jqtr0Ct9,https://nasa.gov/tellus/in/sagittis/dui/vel/nisl/duis.aspx,https://blogs.com/sit/amet/eros/suspendisse.aspx
Teddy Dufaire,tdufaire6e@taobao.com,Babbleset,H3pU6zu4Ctf,http://cbslocal.com/rutrum/neque.png,http://hc360.com/aliquam.xml
Concettina Vardon,cvardon6f@csmonitor.com,Thoughtstorm,D0KDj8iJkOLy,https://elegantthemes.com/id/massa.aspx,http://howstuffworks.com/congue/etiam/justo/etiam/pretium/iaculis/justo.xml
Warden Osman,wosman6g@bizjournals.com,Twimm,sZaM3j,http://opensource.org/sit/amet/justo/morbi/ut.json,https://simplemachines.org/nullam/varius/nulla/facilisi.jsp
Lucky Brownsmith,lbrownsmith6h@list-manage.com,Rhyloo,mZqAvy,https://live.com/non/ligula/pellentesque/ultrices.js,https://alexa.com/id/luctus/nec/molestie/sed.jpg
Willa Bembrigg,wbembrigg6i@un.org,Abata,Lpxm8Yh,http://technorati.com/sapien/cursus/vestibulum/proin/eu/mi.jsp,https://google.co.jp/in/hac/habitasse/platea/dictumst/maecenas/ut.html
Cher Acum,cacum6j@ehow.com,Rhybox,DVsy0ti,http://liveinternet.ru/id/nulla/ultrices/aliquet/maecenas.aspx,http://latimes.com/nulla.png
Rollie Summerson,rsummerson6k@etsy.com,Buzzbean,frU9AK,http://walmart.com/penatibus/et/magnis/dis/parturient.js,https://woothemes.com/platea/dictumst/maecenas/ut/massa/quis.js
Lissie McTrusty,lmctrusty6l@cdbaby.com,Jetwire,YZcg10,https://creativecommons.org/primis/in/faucibus/orci/luctus/et/ultrices.html,http://smugmug.com/orci/mauris/lacinia.json
Nicholle Burnyate,nburnyate6m@ehow.com,Flashpoint,o4FemIzyr,https://arstechnica.com/suscipit/a/feugiat/et.xml,http://yahoo.co.jp/nisi/nam/ultrices/libero/non/mattis.jpg
Rance Aviss,raviss6n@army.mil,Feedfish,wuSquzfAeuX,https://craigslist.org/donec/diam/neque/vestibulum.html,http://qq.com/aliquam/lacus/morbi.js
Jany Swinglehurst,jswinglehurst6o@nasa.gov,Jetpulse,SL6JBTSk7W,http://mapy.cz/semper/interdum/mauris/ullamcorper.aspx,http://skype.com/morbi/vestibulum/velit.xml
Anallise Casely,acasely6p@yelp.com,Skyble,ih1Zw0104J,http://mashable.com/lacus.jsp,https://cdbaby.com/sed/tincidunt/eu/felis/fusce/posuere/felis.jpg
Gonzalo Jeffryes,gjeffryes6q@cam.ac.uk,Voonix,O5pP80GNf,http://spiegel.de/erat/nulla.png,https://hc360.com/at/nunc/commodo/placerat/praesent/blandit.html
Nari Frounks,nfrounks6r@globo.com,Yambee,7tHZp9,https://oaic.gov.au/cursus/id/turpis/integer.jpg,http://tiny.cc/praesent/id/massa/id/nisl/venenatis/lacinia.jpg
Sari Awcoate,sawcoate6s@mit.edu,Thoughtbridge,nTarp2,https://tripadvisor.com/ullamcorper/purus/sit/amet/nulla/quisque/arcu.xml,https://twitpic.com/maecenas/tincidunt/lacus/at.png
Lianna Purkis,lpurkis6t@state.tx.us,Zoozzy,YdfErpEllz2c,http://dropbox.com/a.js,https://biglobe.ne.jp/sed/ante/vivamus/tortor.png
Faustine Auld,fauld6u@aboutads.info,Gabtune,TIpJH6w4WFXN,http://addtoany.com/dictumst/etiam/faucibus/cursus/urna/ut.js,https://google.co.uk/eros/viverra/eget/congue/eget.jsp
Lorilyn Attoe,lattoe6v@comsenz.com,Twitterlist,bkDDarpAKHBr,http://mozilla.org/cursus/id/turpis/integer.png,http://oakley.com/condimentum/neque/sapien/placerat.png
Beulah Temprell,btemprell6w@example.com,Meembee,fJAZPapI,http://sitemeter.com/enim/leo/rhoncus/sed/vestibulum/sit.xml,https://opensource.org/volutpat/convallis/morbi/odio.jsp
Marlowe Sarjant,msarjant6x@drupal.org,Livetube,SoEODkPjaV,http://narod.ru/et/magnis/dis.html,https://myspace.com/pede/justo/eu/massa/donec/dapibus.jpg
Lauraine Dando,ldando6y@ebay.com,Cogibox,n6H1ZT,https://xing.com/justo/in/blandit/ultrices/enim/lorem/ipsum.json,https://craigslist.org/dolor/sit/amet/consectetuer/adipiscing/elit/proin.js
Ara Snibson,asnibson6z@simplemachines.org,Wikizz,7hHNST8Bi1,http://microsoft.com/quam/a/odio/in/hac/habitasse.png,https://dmoz.org/pulvinar/sed/nisl/nunc/rhoncus/dui.aspx
Leonora MacCambridge,lmaccambridge70@bbc.co.uk,Buzzster,5sgYylJQQZ,https://engadget.com/dictumst/aliquam/augue/quam/sollicitudin.html,https://blogtalkradio.com/at.jpg
Rance Feek,rfeek71@ft.com,Jaxbean,17BDANY,http://github.com/dui/luctus.png,https://marketwatch.com/in/tempus/sit/amet/sem/fusce/consequat.png
Davey Peace,dpeace72@nyu.edu,Shuffletag,OM4cuN3KV8z,https://pbs.org/justo/in/hac.png,https://squarespace.com/quam/pharetra/magna.html
Goldarina Ander,gander73@addthis.com,Bubbletube,yt8GvEi,http://furl.net/ut/volutpat.png,https://blinklist.com/vulputate/ut/ultrices/vel/augue/vestibulum/ante.aspx
Allys Austins,aaustins74@nytimes.com,Fivespan,IeEdgSL,http://yale.edu/in/porttitor/pede/justo/eu.jpg,https://wsj.com/donec/ut.aspx
Leonard Luppitt,lluppitt75@diigo.com,Kayveo,7Dt53J,http://fema.gov/ut/nulla.html,http://theglobeandmail.com/aliquam/convallis/nunc/proin/at/turpis/a.js
Dewey Stoggles,dstoggles76@hp.com,Quaxo,hfBC8Jo,https://ucsd.edu/posuere/nonummy/integer/non.jsp,http://bbc.co.uk/mauris/sit/amet/eros.png
Peggie MacKnocker,pmacknocker77@artisteer.com,Jabbersphere,zsKDRN,https://washingtonpost.com/in/faucibus/orci/luctus.aspx,http://vistaprint.com/nisl/nunc/nisl/duis/bibendum.jsp
Mahmoud Grimme,mgrimme78@yolasite.com,Skilith,aYzoGKhwjvYt,http://wisc.edu/dolor/morbi/vel/lectus/in/quam/fringilla.png,https://ox.ac.uk/at/turpis/a/pede.aspx
Kathy Kebbell,kkebbell79@hibu.com,Twimm,PvQEEp8mKY,https://prnewswire.com/in/quis/justo.xml,https://twitter.com/quam.js
Durward Pellitt,dpellitt7a@ustream.tv,Youtags,WOG8Q5,http://gizmodo.com/nibh.jsp,http://wiley.com/sem.xml
Ryun Doale,rdoale7b@topsy.com,Realmix,6vZdWWr02S7,https://sun.com/volutpat/dui/maecenas.xml,https://cnbc.com/eros/vestibulum/ac/est/lacinia.png
Kareem Emmot,kemmot7c@europa.eu,Katz,qWFnz9,https://yellowbook.com/in/ante/vestibulum/ante.jsp,https://nifty.com/nec/nisi/vulputate/nonummy/maecenas/tincidunt.html
Emmerich Firmage,efirmage7d@imageshack.us,Photobug,mwKO2cdWSn78,https://rakuten.co.jp/lacus/at/turpis/donec/posuere.aspx,http://com.com/quis/justo.js
Gael Leveret,gleveret7e@a8.net,Jaloo,VkIt8S,http://washington.edu/sit/amet/turpis/elementum/ligula/vehicula.js,http://delicious.com/natoque/penatibus/et.json
Celene Northover,cnorthover7f@blogspot.com,Eare,RpjJDjF,https://blogs.com/ac/nibh/fusce/lacus.xml,http://usnews.com/consequat.html
Kate Suthren,ksuthren7g@patch.com,Skyndu,VE7Bw0Vc8c,http://cargocollective.com/nulla/dapibus/dolor/vel/est.html,https://usnews.com/est.jpg
Osgood Wagenen,owagenen7h@csmonitor.com,Vidoo,UVBZGb1Tal,https://1und1.de/quis.js,https://epa.gov/aenean/auctor/gravida/sem/praesent.jpg
Teirtza Bedboro,tbedboro7i@mapquest.com,Dynava,mw8SdHO90g,https://nydailynews.com/nascetur/ridiculus/mus/etiam/vel/augue/vestibulum.aspx,http://skype.com/sapien.jsp
Kalie Magnar,kmagnar7j@mozilla.org,Kazio,j9srAqJir,https://imgur.com/ultricies/eu/nibh/quisque.html,http://illinois.edu/eleifend/luctus/ultricies.aspx
Petey Esel,pesel7k@dmoz.org,Twitterwire,hvMu7t,http://linkedin.com/mauris/eget/massa/tempor.aspx,https://issuu.com/neque/sapien/placerat/ante/nulla/justo/aliquam.html
Margareta Alaway,malaway7l@vimeo.com,Jabbersphere,OpTjQoCHuif,https://booking.com/erat/quisque/erat/eros/viverra/eget.json,https://bandcamp.com/faucibus/orci/luctus/et/ultrices.xml
Curr Learned,clearned7m@bbc.co.uk,Pixonyx,ZlqUrg,https://wired.com/mauris/enim/leo/rhoncus/sed/vestibulum/sit.aspx,https://1und1.de/sapien/dignissim/vestibulum/vestibulum/ante.aspx
Brandtr Okenden,bokenden7n@wunderground.com,Twitterlist,sDuimBfEO,https://over-blog.com/curae.js,https://g.co/varius.png
Ganny Klaus,gklaus7o@tamu.edu,Flashset,ziy3Qy2,https://fotki.com/amet/turpis/elementum/ligula/vehicula.jsp,https://storify.com/platea/dictumst/morbi/vestibulum.jsp
Martguerita Gribben,mgribben7p@digg.com,Skibox,F744PL,https://weibo.com/maecenas.jpg,https://bloglines.com/justo/sit/amet.aspx
Deeann Wixey,dwixey7q@dedecms.com,Browsecat,OUJxgSjX4I,http://theguardian.com/at/turpis/a/pede/posuere.jsp,http://opensource.org/dui/nec.xml
Bastien Murrison,bmurrison7r@bigcartel.com,Browsedrive,qmVayQYo0gj6,http://wisc.edu/sollicitudin/vitae/consectetuer.js,http://disqus.com/pretium/iaculis/justo/in/hac/habitasse/platea.aspx
Leesa Goutcher,lgoutcher7s@nbcnews.com,Youtags,ewpMNXhtX,http://jiathis.com/vel/sem/sed.aspx,http://sciencedirect.com/sapien.png
Kathleen Rieme,krieme7t@google.fr,Thoughtbridge,B5gsN4WOfah,https://jalbum.net/at.jsp,http://prweb.com/donec/odio/justo/sollicitudin/ut.js
Sean Connick,sconnick7u@taobao.com,Photolist,7t6s1SSMGF,https://linkedin.com/lectus/pellentesque.aspx,https://homestead.com/vel/pede/morbi/porttitor/lorem/id.js
Burk Gothup,bgothup7v@example.com,Zoombox,uoZCIaFqf,http://google.cn/bibendum/felis/sed/interdum/venenatis/turpis/enim.xml,http://bizjournals.com/semper/est.xml
Roxanna Rizzetti,rrizzetti7w@uol.com.br,Realbridge,pNjNhSzUrBN,https://netvibes.com/sapien/dignissim.xml,http://eepurl.com/in/faucibus/orci/luctus/et/ultrices.png
Augustin Mangham,amangham7x@techcrunch.com,Jazzy,wru1kMaa,http://rakuten.co.jp/tincidunt/ante/vel/ipsum/praesent/blandit.json,http://washington.edu/ipsum/ac/tellus.xml
Gilberto Janodet,gjanodet7y@naver.com,Yakijo,yQPk8coTSIw,http://ucoz.com/sociis.png,http://wp.com/turpis/donec/posuere/metus/vitae/ipsum.aspx
Sydelle Sand,ssand7z@digg.com,Skibox,bCVKngg1mvg2,http://cornell.edu/in/congue/etiam/justo.jpg,http://google.ca/odio/donec/vitae.html
Henry Cattle,hcattle80@posterous.com,Rhycero,VP3HRkgr,http://amazon.com/et/ultrices.html,http://a8.net/orci/pede/venenatis/non.json
Stephine Di Ruggero,sdi81@chicagotribune.com,Skibox,VzdGAHWB,https://latimes.com/nascetur/ridiculus/mus/etiam/vel/augue.html,https://unicef.org/primis/in/faucibus/orci.json
Parsifal Stratz,pstratz82@umich.edu,Youopia,LyiK9mOzv,https://pen.io/quis/turpis/eget.json,http://mlb.com/integer/ac/neque.xml
Tilly Bellee,tbellee83@quantcast.com,Realmix,4weKkMd6,http://aol.com/volutpat/in/congue/etiam.json,http://wired.com/sapien/cum/sociis/natoque/penatibus/et.json
Sully Tregaskis,stregaskis84@woothemes.com,Skivee,KsTbZBOpwDdH,https://oakley.com/pede/morbi/porttitor/lorem.json,http://patch.com/nisl/duis/ac/nibh.js
Kelli Cobelli,kcobelli85@wufoo.com,Oyope,mdiA3e,https://github.io/natoque/penatibus/et/magnis.html,http://archive.org/massa/quis/augue/luctus/tincidunt.html
Mufinella Nolli,mnolli86@gizmodo.com,Shuffledrive,HP15frH,https://ifeng.com/elementum/eu/interdum/eu/tincidunt/in/leo.jsp,https://icio.us/morbi/non/lectus/aliquam/sit/amet/diam.jsp
Ingunna Crosskill,icrosskill87@about.me,Digitube,Vzxx7RE5N,http://patch.com/libero/nam/dui/proin/leo.jpg,https://noaa.gov/cursus/vestibulum.aspx
Stephan Jeves,sjeves88@epa.gov,Skyndu,bocUqHd1ml37,https://dion.ne.jp/integer.js,http://ucoz.ru/vel/sem.png
Caril Eim,ceim89@nydailynews.com,Photolist,6cKfRFA9RZ,http://tinyurl.com/faucibus/orci/luctus/et/ultrices/posuere.aspx,http://scribd.com/arcu/libero/rutrum/ac/lobortis/vel.aspx
Darren Prall,dprall8a@fastcompany.com,Divavu,v8JWp2,http://wikispaces.com/morbi/porttitor.aspx,http://tripod.com/convallis/nulla/neque/libero/convallis.xml
Sophia Betho,sbetho8b@youtu.be,Skyble,YLHl6cO,https://wix.com/vestibulum/proin/eu/mi/nulla/ac/enim.jpg,https://tinypic.com/magna/vestibulum/aliquet/ultrices/erat/tortor.aspx
Cindy Arnau,carnau8c@slashdot.org,Yodoo,3ebjlc,https://princeton.edu/mi/in/porttitor/pede.jpg,http://infoseek.co.jp/congue/risus/semper/porta/volutpat.json
Perkin Gildersleaves,pgildersleaves8d@ucsd.edu,Jaxbean,Z0B6w5r,http://jiathis.com/parturient/montes/nascetur/ridiculus/mus/etiam/vel.jpg,https://hc360.com/et/magnis/dis/parturient/montes/nascetur/ridiculus.xml
Sybyl Burgyn,sburgyn8e@wsj.com,Skyba,YylO5iswHG,http://google.co.uk/at/velit/vivamus/vel/nulla.jpg,https://webmd.com/quisque/id.aspx
Kermit Seys,kseys8f@php.net,Kwilith,B0qOHs,http://edublogs.org/eu/est.js,http://angelfire.com/tincidunt/eget.xml
Bren Althrope,balthrope8g@imageshack.us,Roombo,olLdN99JCe,https://noaa.gov/sit/amet/lobortis/sapien/sapien/non.png,https://shareasale.com/ante/vestibulum/ante/ipsum.jpg
Aloysia Archambault,aarchambault8h@mac.com,Roombo,cwBum34f,http://nhs.uk/nibh/quisque.aspx,https://blog.com/auctor/sed/tristique/in/tempus/sit.json
Barrett Braisted,bbraisted8i@sohu.com,Kwimbee,z6hPpTtP,https://va.gov/amet/diam/in.jpg,http://ucsd.edu/metus/aenean/fermentum/donec/ut/mauris/eget.json
Leeanne Orum,lorum8j@tmall.com,Photolist,xORbeiWHBI,https://histats.com/mauris/morbi/non.js,http://lulu.com/faucibus/orci/luctus.html
Margie Sycamore,msycamore8k@geocities.jp,Mynte,ccd6IzHMhm,http://biblegateway.com/bibendum/morbi/non/quam/nec/dui/luctus.html,https://photobucket.com/quis/justo/maecenas/rhoncus/aliquam/lacus.jpg
Fancy Rapson,frapson8l@wisc.edu,Aimbo,2DbxXEG2Pz,https://facebook.com/vestibulum/velit/id/pretium/iaculis.js,https://dropbox.com/ultrices.html
Debby Graveston,dgraveston8m@blogtalkradio.com,Centimia,SQ9OkD06,http://dion.ne.jp/ac/nulla/sed/vel/enim/sit/amet.png,https://amazon.co.jp/penatibus/et/magnis/dis/parturient/montes/nascetur.jsp
Linnell Lillico,llillico8n@amazon.co.uk,Zoonoodle,9doC80kdD4J,https://goo.ne.jp/eu.js,http://desdev.cn/suspendisse/potenti.jsp
Susann Lemerle,slemerle8o@trellian.com,Plajo,99bJWg,http://angelfire.com/aenean/sit/amet/justo/morbi/ut.json,http://wufoo.com/tempus/semper/est/quam/pharetra/magna/ac.jpg
Sherman O'Corrin,socorrin8p@nature.com,Shufflester,cn1bMHhzj,http://twitpic.com/arcu/sed.jsp,http://dion.ne.jp/morbi.jpg
Avis Austin,aaustin8q@economist.com,Viva,Do71zr2,https://amazon.co.uk/lacus/purus/aliquet/at/feugiat.png,https://statcounter.com/mauris/morbi.html
Cornela Reeveley,creeveley8r@altervista.org,Lazz,69oBGudQgRG,http://hud.gov/nulla/nunc.aspx,http://amazon.de/lobortis/sapien/sapien/non/mi.html
Hilliary Lovett,hlovett8s@fda.gov,Pixoboo,54RJWCKKKLa,https://gmpg.org/in/faucibus/orci/luctus/et/ultrices.png,https://usa.gov/vel/nisl/duis.jsp
Junia Rettie,jrettie8t@example.com,Dynazzy,IHEOTEQdp,https://uol.com.br/iaculis/congue/vivamus/metus/arcu.json,http://t.co/in/libero/ut/massa.js
Lorrin Pavkovic,lpavkovic8u@tamu.edu,Meezzy,uIupQPOdZD,http://yellowpages.com/lectus/in/quam/fringilla/rhoncus.png,https://marketwatch.com/proin/interdum/mauris/non/ligula.jpg
Orsa Arpe,oarpe8v@arstechnica.com,Skinte,TAjj6YwuVso,https://linkedin.com/vel/augue/vestibulum/rutrum/rutrum/neque/aenean.jpg,https://aol.com/quis/justo/maecenas/rhoncus.xml
Victoir Davidovitch,vdavidovitch8w@harvard.edu,Mydo,Ag9hjGZP,https://parallels.com/turpis/nec.js,https://ebay.co.uk/at/nunc/commodo/placerat/praesent.html
Wilburt Vasyuchov,wvasyuchov8x@phoca.cz,Wikizz,ErCWHJc,https://mozilla.com/interdum/venenatis/turpis/enim/blandit/mi.jsp,http://youku.com/ipsum/primis/in/faucibus/orci/luctus.html
Brande Hargerie,bhargerie8y@discuz.net,Yambee,kbemOG6,http://example.com/vulputate/nonummy.json,http://drupal.org/elementum/nullam/varius/nulla/facilisi/cras.jsp
Talbert Tyer,ttyer8z@edublogs.org,Topicshots,CPLD99O6ZC,https://archive.org/tristique/fusce/congue/diam/id/ornare.xml,https://constantcontact.com/urna.html
Buck Merryfield,bmerryfield90@ameblo.jp,Tekfly,vl5Ji8,https://msn.com/porta/volutpat/quam/pede/lobortis/ligula/sit.xml,http://github.io/pede/ac/diam/cras.aspx
Irita Fairham,ifairham91@dmoz.org,Realbuzz,wdrGL39A03J,https://nationalgeographic.com/purus/eu/magna/vulputate/luctus/cum.jsp,http://so-net.ne.jp/integer/tincidunt/ante.html
Andeee McLorinan,amclorinan92@ca.gov,Jabbercube,XBMChaKjXm,http://posterous.com/quis/justo.html,https://admin.ch/adipiscing/molestie/hendrerit.jpg
Florette Malicki,fmalicki93@google.nl,Edgewire,GweyCSqdN9f8,http://businessinsider.com/adipiscing/elit/proin/risus.aspx,https://feedburner.com/viverra/dapibus/nulla/suscipit/ligula/in/lacus.jsp
Thorin Coppins,tcoppins94@hp.com,Topicstorm,yeNLOVWpdRU,http://washingtonpost.com/odio.xml,https://naver.com/tortor.json
Golda Pettingill,gpettingill95@blogtalkradio.com,Chatterpoint,Q939Bc9k,https://cbsnews.com/donec/vitae/nisi/nam/ultrices/libero.aspx,http://youtube.com/id.png
Rana Whyatt,rwhyatt96@yandex.ru,Meetz,wIqKNG,http://pen.io/praesent/blandit/nam/nulla.jsp,https://state.tx.us/at.json
Connie Das,cdas97@tumblr.com,Tagchat,jpJP5mkYNz3w,https://comsenz.com/condimentum.png,https://google.ca/eleifend/donec/ut/dolor/morbi/vel.html
Marco Burnand,mburnand98@meetup.com,Cogilith,x9uS6jO,https://youku.com/accumsan/odio.html,http://surveymonkey.com/pede.png
Lorraine Prudence,lprudence99@ocn.ne.jp,Zooveo,QFvzmCp,http://cargocollective.com/pretium/nisl/ut/volutpat/sapien.xml,https://gravatar.com/volutpat/erat.html
Aveline De Vere,ade9a@networksolutions.com,Devpulse,JZwjgmppk,https://sohu.com/in/sapien/iaculis/congue.aspx,https://baidu.com/metus/arcu.json
Stephi Ramel,sramel9b@dedecms.com,Avamm,hCzgXW8EB,https://over-blog.com/tempus/vivamus/in/felis.xml,http://acquirethisname.com/morbi/vel/lectus/in/quam/fringilla/rhoncus.jpg
Caprice Hardwidge,chardwidge9c@edublogs.org,Eayo,EWKmX0Ni,http://constantcontact.com/interdum/mauris/non/ligula/pellentesque/ultrices/phasellus.jpg,https://macromedia.com/feugiat.html
Lucias Stredder,lstredder9d@domainmarket.com,Mycat,5r3jKEAttc,http://cornell.edu/at/ipsum/ac/tellus.jpg,http://hubpages.com/in/sagittis.json
Blancha Tieman,btieman9e@multiply.com,Realmix,nVaJHGIIB,https://google.cn/vehicula/condimentum/curabitur/in/libero/ut/massa.jsp,https://marriott.com/in/tempus/sit/amet/sem/fusce/consequat.js
Ethe Drayton,edrayton9f@ox.ac.uk,Topdrive,kTkcOVnTUMK,https://netlog.com/hac/habitasse/platea/dictumst/aliquam/augue/quam.json,https://xrea.com/eget.png
Lidia Martinelli,lmartinelli9g@kickstarter.com,Rhyloo,57ot1tuaE,https://smugmug.com/vulputate/justo/in/blandit/ultrices.json,http://sfgate.com/eget/elit/sodales/scelerisque.js
Rasla Fullalove,rfullalove9h@cam.ac.uk,Blogspan,IUrlHrUGyKNn,http://hostgator.com/diam.html,http://ox.ac.uk/luctus/et/ultrices/posuere/cubilia/curae/duis.html
Ravi Walczak,rwalczak9i@bing.com,Aibox,66igl52FefYS,https://xing.com/penatibus/et.jpg,http://blogs.com/vel/augue/vestibulum.jpg
Agathe Odlin,aodlin9j@newyorker.com,Ozu,wvAe8Hlice,http://whitehouse.gov/sed/ante/vivamus/tortor.jpg,http://goodreads.com/porttitor/lacus/at/turpis/donec/posuere/metus.aspx
Durant Rosling,drosling9k@ocn.ne.jp,Livefish,yJ3tf8g9My8,https://addtoany.com/lacinia/sapien/quis/libero/nullam/sit.jpg,http://histats.com/dui/proin/leo/odio/porttitor/id.jsp
Theodor Perrins,tperrins9l@statcounter.com,Yakijo,AdEUqx5Bdmzq,https://home.pl/velit.html,http://exblog.jp/neque/aenean/auctor/gravida/sem.jsp
Yulma Twitching,ytwitching9m@examiner.com,Twinder,0BX1drms,https://123-reg.co.uk/vel/sem/sed/sagittis/nam.aspx,https://vk.com/morbi/non/lectus/aliquam/sit/amet/diam.png
Cristal Claus,cclaus9n@live.com,Aimbu,BUGbJELi,http://slideshare.net/augue/luctus/tincidunt.json,http://state.gov/pede/morbi/porttitor/lorem/id.html
Erika Bazelle,ebazelle9o@linkedin.com,Realbridge,tq8ZpMe,https://stumbleupon.com/consectetuer/adipiscing/elit/proin/interdum.xml,http://constantcontact.com/viverra.js
Ingar Chavey,ichavey9p@phpbb.com,Skyble,zIdGoZkQPw,https://tamu.edu/purus.png,https://geocities.com/magnis/dis/parturient.xml
Teressa Thornbarrow,tthornbarrow9q@live.com,Kamba,kGXoZfTI3,http://hhs.gov/sed.xml,https://123-reg.co.uk/morbi/sem.xml
Kennedy Inmett,kinmett9r@tripod.com,Thoughtstorm,ZK2Fw7A9SmbS,http://home.pl/diam/nam/tristique.json,http://omniture.com/lacus/morbi/sem/mauris/laoreet.json
Lyon Rosenschein,lrosenschein9s@bluehost.com,Jayo,y5mE5QPd,http://yellowpages.com/consectetuer/eget/rutrum/at/lorem/integer/tincidunt.js,https://howstuffworks.com/nec/condimentum/neque.jpg
Lukas Beavors,lbeavors9t@godaddy.com,Yambee,5feLIKxZo7E0,http://drupal.org/vestibulum/velit/id/pretium/iaculis/diam.json,https://technorati.com/integer/non/velit.xml
Nerty Strettle,nstrettle9u@goo.gl,Eayo,8aqxRuMN,http://cbsnews.com/lectus/in/quam/fringilla.jpg,https://whitehouse.gov/nam/congue.xml
Mattie Kilbourn,mkilbourn9v@theglobeandmail.com,Skivee,6GPirMqjvj,http://gnu.org/lorem.json,https://xing.com/dapibus/dolor/vel.xml
Dicky Ornils,dornils9w@huffingtonpost.com,Yamia,KhoRbQwkcG,https://salon.com/ante/ipsum/primis.aspx,https://kickstarter.com/donec/quis/orci/eget/orci/vehicula.jpg
Xerxes McGarrell,xmcgarrell9x@bluehost.com,Twinder,AJPS8b,http://blogger.com/iaculis/justo/in/hac/habitasse/platea/dictumst.jsp,https://xinhuanet.com/sapien.aspx
Torrence Weitzel,tweitzel9y@uol.com.br,Realblab,a6evKEg7xv3F,http://smh.com.au/libero.json,https://deviantart.com/magna/ac/consequat/metus/sapien/ut.jsp
Arther Poulsum,apoulsum9z@pinterest.com,Meemm,YigJP8uavRm7,https://joomla.org/dis/parturient/montes.html,http://sbwire.com/elit/sodales/scelerisque/mauris/sit/amet/eros.json
Harli Ceillier,hceilliera0@ihg.com,Jaxworks,xyC1Ff8qY,http://google.co.uk/velit/id/pretium/iaculis/diam/erat/fermentum.jsp,https://nih.gov/pellentesque/eget/nunc/donec/quis/orci.js
Giacopo McAlroy,gmcalroya1@facebook.com,Katz,AuFzXBTL,http://wikispaces.com/justo/in.png,http://state.tx.us/sit.xml
Farlee De Haven,fdea2@bluehost.com,Topdrive,X5gssxAUOc,https://constantcontact.com/ligula/sit/amet.aspx,http://flavors.me/cubilia/curae/donec/pharetra/magna.json
Violet Marte,vmartea3@msu.edu,Jaxworks,7QhS4d8wr,https://ebay.co.uk/ultrices/enim/lorem/ipsum/dolor/sit/amet.json,https://ask.com/pulvinar/lobortis/est/phasellus/sit/amet.jpg
Grayce Carvil,gcarvila4@lycos.com,Blogtags,6LqaTz,http://artisteer.com/lacinia/nisi/venenatis/tristique/fusce/congue.json,https://dion.ne.jp/aenean/lectus/pellentesque/eget/nunc/donec/quis.jpg
Meryl Sawyer,msawyera5@forbes.com,Yamia,wEjjunc,http://cmu.edu/risus.js,https://deviantart.com/in/sapien/iaculis/congue/vivamus/metus/arcu.jsp
Gerardo Woolager,gwoolagera6@creativecommons.org,Linkbridge,991PnM5cOK,https://artisteer.com/sociis/natoque/penatibus.json,https://tripod.com/bibendum.html
Nert Onion,noniona7@artisteer.com,LiveZ,XOcI5He8,http://facebook.com/non/mauris/morbi/non/lectus/aliquam/sit.js,http://thetimes.co.uk/amet/sapien/dignissim/vestibulum/vestibulum.js
Erwin Reymers,ereymersa8@indiatimes.com,Kwilith,Sn0tBjyGNfUC,http://stanford.edu/lectus.aspx,http://gov.uk/ut/massa.json
Theadora Idwal Evans,tidwala9@webeden.co.uk,Eamia,aAEgifcUro,http://bravesites.com/cum/sociis.js,http://smh.com.au/non/velit.jsp
Laurella Assard,lassardaa@goodreads.com,Jaxspan,qiAGtm,http://gnu.org/ut/odio/cras.js,http://mtv.com/sapien/quis.aspx
Valerie Thorington,vthoringtonab@clickbank.net,Midel,R1DPaCt5MbUB,https://ovh.net/arcu/adipiscing/molestie/hendrerit/at/vulputate/vitae.xml,https://elpais.com/curae/donec/pharetra/magna/vestibulum/aliquet/ultrices.js
Rodolfo Belfit,rbelfitac@simplemachines.org,Thoughtblab,9wvqT5e,https://parallels.com/nulla/quisque/arcu.html,https://addthis.com/blandit/mi.json
Mannie Maypole,mmaypolead@twitter.com,Gigabox,C572uN,http://amazon.de/augue/vestibulum/rutrum/rutrum/neque.jsp,http://1688.com/duis/bibendum/morbi/non/quam/nec.jpg
Britta Bellon,bbellonae@nymag.com,Centizu,LJnp4cVZiX,https://shutterfly.com/adipiscing/lorem.jpg,https://t.co/ligula/suspendisse/ornare/consequat/lectus.png
Flossi Klaassens,fklaassensaf@com.com,Muxo,Raurx5d,http://mac.com/molestie.js,https://ehow.com/amet/erat/nulla/tempus.aspx
Cole Blaydes,cblaydesag@harvard.edu,Mybuzz,pMLPLqB,http://drupal.org/interdum/eu/tincidunt/in/leo.aspx,http://gov.uk/etiam/justo/etiam/pretium/iaculis.xml
Torie Gaymar,tgaymarah@mashable.com,Jabberstorm,cHFskp9q3,https://weibo.com/velit/id/pretium/iaculis/diam/erat/fermentum.jsp,http://elegantthemes.com/in/faucibus/orci/luctus/et/ultrices.html
Allard Hewlings,ahewlingsai@irs.gov,Oyondu,GQMAlo57BH,https://army.mil/augue/a/suscipit/nulla/elit/ac.jsp,http://vimeo.com/integer/pede/justo/lacinia/eget/tincidunt.json
Novelia Roake,nroakeaj@shutterfly.com,Katz,gYMmNwi9f3w9,http://ehow.com/natoque.html,https://edublogs.org/rutrum.xml
Hermione Rickerby,hrickerbyak@google.pl,Kanoodle,JQR4V5vGlMH,http://reference.com/massa/quis/augue/luctus/tincidunt/nulla.html,https://alexa.com/ut/dolor.png
Laverna Wittman,lwittmanal@so-net.ne.jp,Yadel,PJjw7Hq,http://bandcamp.com/nullam/orci/pede/venenatis.jpg,https://constantcontact.com/eget/tempus.html
Patricio Starmer,pstarmeram@zimbio.com,Centizu,K58v9a4,http://acquirethisname.com/vivamus.aspx,https://privacy.gov.au/vel/nulla.png
Lise Graffham,lgraffhaman@addtoany.com,Browsebug,LZ8uvtMeV,https://squarespace.com/maecenas/ut/massa/quis/augue/luctus/tincidunt.js,http://dyndns.org/scelerisque/mauris.jsp
Sena Yurivtsev,syurivtsevao@baidu.com,Mynte,gpwtOodr,https://cam.ac.uk/suscipit/a/feugiat/et.js,http://sciencedaily.com/duis/at/velit/eu.js
Giulietta McCuish,gmccuishap@sohu.com,Zoovu,QKgLBkmxXA,http://vistaprint.com/mauris/enim/leo/rhoncus/sed.json,https://gmpg.org/sapien/ut/nunc/vestibulum.html
Chandal Leinster,cleinsteraq@freewebs.com,Dynazzy,YQqQ8h3B,https://theatlantic.com/in.jsp,http://pagesperso-orange.fr/congue/risus/semper/porta.jpg
Siusan Cumesky,scumeskyar@cnbc.com,Twinte,KFkT2guy,http://canalblog.com/felis/donec.jsp,http://seesaa.net/est.jpg
Brant Vala,bvalaas@domainmarket.com,Skiba,VXZAx5,http://vistaprint.com/nunc/commodo/placerat/praesent/blandit/nam.jsp,https://comcast.net/vel.json
Kristy Sherrett,ksherrettat@npr.org,Chatterpoint,F7kFmm3R0s,http://goo.ne.jp/in/consequat/ut/nulla/sed/accumsan.jpg,http://elegantthemes.com/morbi/vestibulum/velit/id/pretium/iaculis.json
Cello Videan,cvideanau@google.com.br,Buzzshare,uvR8dj,https://jimdo.com/habitasse/platea.xml,https://dyndns.org/blandit/mi/in/porttitor/pede.jsp
Malina Impy,mimpyav@ihg.com,Twinder,7YFtIryk0B81,https://icio.us/semper/rutrum/nulla/nunc.jpg,https://homestead.com/ultrices/erat/tortor/sollicitudin/mi.xml
Louis Wakerley,lwakerleyaw@wix.com,Edgewire,yw1WjNEA4Tp,https://photobucket.com/in/felis/donec.html,https://foxnews.com/nulla/sed.png
Holli Van,hvanax@ning.com,Quaxo,B2umMYbL,http://mapy.cz/nullam/orci/pede/venenatis/non/sodales.js,http://admin.ch/ridiculus/mus/vivamus/vestibulum/sagittis/sapien.png
Stephine Sabater,ssabateray@surveymonkey.com,Tagpad,rghDQh,https://amazon.de/duis/consequat/dui.json,http://about.me/euismod.jpg
Herminia Palumbo,hpalumboaz@economist.com,Tagopia,BEA3SKhEK,https://google.nl/vestibulum.jsp,https://devhub.com/non/velit/nec/nisi/vulputate/nonummy.json
Alexandro Guidelli,aguidellib0@is.gd,Yamia,fNhIdRM9tLS,https://google.com.br/cras/pellentesque/volutpat/dui.png,https://indiegogo.com/augue/aliquam/erat/volutpat/in.xml
Shayne Ojeda,sojedab1@noaa.gov,Avamm,WlAxxmRXknN,https://ask.com/cras/non/velit/nec/nisi.js,https://census.gov/erat/curabitur/gravida/nisi/at.jsp
Ruby Kubec,rkubecb2@aboutads.info,Chatterpoint,3Z2PHHEI8,http://creativecommons.org/dictumst.jpg,https://geocities.com/vulputate/vitae/nisl/aenean.jpg
Laurella Comley,lcomleyb3@domainmarket.com,Lazz,bnTinNXCH,https://t-online.de/eget/vulputate/ut/ultrices/vel/augue.aspx,http://ibm.com/platea/dictumst/etiam/faucibus/cursus.jpg
Rafe Dohmann,rdohmannb4@domainmarket.com,Wordify,ESVg5deWDJje,http://ca.gov/augue/vestibulum/ante/ipsum/primis/in/faucibus.html,https://omniture.com/donec/diam/neque/vestibulum.aspx
Jobyna Edmeades,jedmeadesb5@loc.gov,DabZ,ako1VqoU2,http://weibo.com/vel/nisl.png,https://businesswire.com/turpis/enim/blandit/mi.xml
Parker Tolle,ptolleb6@lycos.com,Yata,Uu8F0HQyy,https://patch.com/luctus/et/ultrices.json,http://ihg.com/sit/amet/consectetuer/adipiscing/elit/proin/interdum.xml
Anatol Gidman,agidmanb7@nature.com,Innotype,Mk53T3BN,http://zimbio.com/nibh/fusce/lacus.html,https://cdbaby.com/ligula/nec.aspx
Currey Malone,cmaloneb8@pbs.org,Thoughtworks,2thU8b3Ue,https://state.tx.us/eu/magna/vulputate/luctus/cum/sociis/natoque.xml,https://baidu.com/vitae/quam/suspendisse/potenti.xml
Efren Risbridge,erisbridgeb9@google.de,Shuffletag,L5MdbngNr8,https://accuweather.com/sit/amet/eleifend/pede/libero.html,http://newsvine.com/augue/aliquam/erat/volutpat.aspx
Marven Giovanardi,mgiovanardiba@ucla.edu,Edgeblab,Z3Ugd6Msdx7,https://yahoo.com/lobortis/vel/dapibus/at/diam/nam.png,http://privacy.gov.au/libero.aspx
Jens Ralls,jrallsbb@un.org,JumpXS,aSVbyyiCpb,https://netvibes.com/lobortis.html,https://webmd.com/aenean/fermentum/donec/ut/mauris/eget/massa.aspx
Anatol Tolfrey,atolfreybc@shutterfly.com,Oyonder,25NPLe1Iq,http://home.pl/nec/condimentum/neque/sapien.aspx,https://tripod.com/vel/enim/sit/amet/nunc.jpg
Jeffrey Ralling,jrallingbd@facebook.com,Roodel,eSUeZ5zBtuk,http://pagesperso-orange.fr/nulla/sed/vel/enim/sit/amet/nunc.xml,http://mediafire.com/libero/nam/dui.html
Milissent Bedward,mbedwardbe@a8.net,Teklist,wC1cE5mCSV,https://cloudflare.com/volutpat/sapien/arcu.html,https://digg.com/lectus/in.jpg
Orelie Sleigh,osleighbf@craigslist.org,Babblestorm,UI5NNV1prab,http://hp.com/erat/vestibulum/sed/magna/at.js,http://nps.gov/id/ligula/suspendisse/ornare/consequat/lectus.aspx
Chauncey Foulgham,cfoulghambg@amazon.de,Quinu,W4ui6qnT04,https://mtv.com/in.aspx,https://biglobe.ne.jp/magna/at/nunc.js
Elianore L'argent,elargentbh@dot.gov,Babbleopia,6Pt7yXA3,http://t.co/in/libero.jsp,http://reddit.com/eget/rutrum/at/lorem/integer/tincidunt/ante.aspx
Rosco Roggers,rroggersbi@youtube.com,Divape,PFV2UelWIUr,https://typepad.com/at/nibh/in/hac.aspx,https://wp.com/congue.xml
Petra Bendixen,pbendixenbj@meetup.com,Zoonder,5M1VxMVT5K,http://geocities.jp/tortor/quis/turpis/sed/ante/vivamus/tortor.jpg,https://barnesandnoble.com/pretium/iaculis/diam/erat/fermentum/justo.json
Urbain Trathen,utrathenbk@walmart.com,Edgetag,Em1hPrJh2r5H,https://photobucket.com/mattis/odio/donec/vitae/nisi/nam.png,https://twitter.com/id/ligula/suspendisse.xml
Ludvig Krol,lkrolbl@narod.ru,Tambee,ltmCVpcGNa,https://google.ca/erat.js,http://freewebs.com/tempor/turpis/nec/euismod.jsp
Vaughn Savege,vsavegebm@furl.net,Buzzbean,2JHLDa9FnZ,http://networksolutions.com/in/blandit/ultrices/enim/lorem.html,http://prlog.org/in/faucibus/orci/luctus/et.xml
Melisa Busch,mbuschbn@imageshack.us,Muxo,JAOFbGFb9Jv,http://tumblr.com/platea/dictumst.json,https://miibeian.gov.cn/lectus/suspendisse/potenti/in/eleifend/quam/a.js
Harrietta Rodnight,hrodnightbo@smugmug.com,Vidoo,tBd26qzsg,https://wiley.com/turpis/eget/elit/sodales/scelerisque/mauris.png,https://statcounter.com/suspendisse.xml
Ina Simonetti,isimonettibp@senate.gov,Feednation,UKUVd1vm,http://nifty.com/odio/donec/vitae/nisi/nam/ultrices/libero.xml,http://hhs.gov/in/consequat/ut.json
Brynna Jerschke,bjerschkebq@shinystat.com,Vitz,AwlblS8DD,https://taobao.com/ut/ultrices/vel/augue/vestibulum.png,https://free.fr/orci/mauris/lacinia.html
Pooh Inwood,pinwoodbr@dagondesign.com,Buzzdog,DpdzmE0oVyZ2,https://trellian.com/sollicitudin/mi/sit/amet.jpg,http://meetup.com/porttitor.js
Jean Webburn,jwebburnbs@shutterfly.com,Tagcat,0jbis1nLBs,https://vk.com/donec/odio.xml,https://mapquest.com/rutrum/at/lorem/integer/tincidunt/ante/vel.jsp
Corrianne Brumhead,cbrumheadbt@clickbank.net,Bubblebox,wlTRrTz,https://woothemes.com/eu/sapien/cursus/vestibulum/proin.jsp,https://usatoday.com/quis/tortor/id/nulla/ultrices.json
Chelsey Chantrell,cchantrellbu@instagram.com,Cogidoo,YTmgbrW,https://last.fm/suscipit.png,https://intel.com/sapien/cursus/vestibulum/proin/eu.json
Gilberto Marginson,gmarginsonbv@cdbaby.com,Centizu,LrPlbNKRq2pj,https://china.com.cn/nulla/mollis.json,https://youtube.com/elementum/in/hac/habitasse/platea/dictumst.js
Marcellina Ranvoise,mranvoisebw@guardian.co.uk,Plambee,FupKqC,http://unblog.fr/sed/vestibulum/sit.png,http://edublogs.org/rutrum/ac/lobortis.aspx
Glendon Conquest,gconquestbx@census.gov,Youtags,tTfZOszj,https://t-online.de/lobortis/est/phasellus/sit/amet.js,http://mlb.com/erat/nulla/tempus.jsp
Tynan Listone,tlistoneby@statcounter.com,Wikido,bvcs9JVO,https://example.com/luctus/nec/molestie/sed.jpg,http://businessinsider.com/posuere/cubilia/curae/donec.jsp
Cheslie Scottrell,cscottrellbz@hatena.ne.jp,Realblab,eFsl5K,http://meetup.com/nam/dui/proin/leo/odio.jpg,https://macromedia.com/mauris/non/ligula.jpg
Garvey Burling,gburlingc0@ihg.com,Yamia,7Sw84Hd,http://mapquest.com/nulla.aspx,https://furl.net/porttitor/lacus/at.json
Cynthie Austing,caustingc1@qq.com,Photofeed,z0AV6nL3VKE,http://gravatar.com/vulputate/justo/in/blandit.json,https://tamu.edu/blandit/lacinia.aspx
Agretha Seamons,aseamonsc2@mtv.com,Meejo,2mLAwLeurpKz,http://netvibes.com/lectus/pellentesque/at/nulla/suspendisse.json,https://timesonline.co.uk/rhoncus/aliquam/lacus.xml
Tab Gremane,tgremanec3@discuz.net,Katz,y9N2bOMs8,http://biglobe.ne.jp/ut.png,http://mapy.cz/consectetuer/eget/rutrum/at.js
Imelda Richie,irichiec4@cam.ac.uk,Edgeblab,rPSPXxI,https://deviantart.com/at/vulputate/vitae/nisl.aspx,http://clickbank.net/rutrum/nulla/tellus/in/sagittis/dui.aspx
Renata Edon,redonc5@ox.ac.uk,Geba,ejXKNr8,https://tumblr.com/vulputate/nonummy/maecenas/tincidunt/lacus.json,https://xinhuanet.com/lacus/curabitur/at.html
Reginald Headan,rheadanc6@wix.com,Miboo,pDWPf7sfTJMt,http://slate.com/penatibus/et/magnis.aspx,https://berkeley.edu/duis/bibendum/morbi/non/quam/nec.xml
Lotta Klimt,lklimtc7@diigo.com,Thoughtstorm,fHbqhJeb,https://t-online.de/curae/nulla/dapibus/dolor/vel/est/donec.html,https://123-reg.co.uk/vivamus/metus/arcu/adipiscing/molestie/hendrerit/at.js
Selia Edinburough,sedinburoughc8@wunderground.com,Latz,gAPCa7F,https://wikia.com/in/magna/bibendum/imperdiet.js,https://weather.com/velit/vivamus/vel/nulla/eget/eros/elementum.jsp
Debora Vequaud,dvequaudc9@feedburner.com,Edgeclub,QCfYVfOXoE,https://washingtonpost.com/felis/fusce/posuere/felis/sed/lacus.jpg,https://skyrock.com/dui/vel.xml
Rosa Cockle,rcockleca@multiply.com,Kazio,l1KZXjKAL7KZ,http://myspace.com/etiam/pretium/iaculis/justo/in.html,https://huffingtonpost.com/fermentum/donec/ut.aspx
Hiram Bolin,hbolincb@google.com,Teklist,XY1IVC2k,https://whitehouse.gov/libero/convallis/eget/eleifend/luctus.js,http://china.com.cn/orci.jsp
Ruddy Roscoe,rroscoecc@army.mil,Mydo,4NMSEtyRgYK,https://printfriendly.com/potenti/cras.aspx,http://google.com/pede.aspx
Stacee Cuniam,scuniamcd@cocolog-nifty.com,Bubblemix,xf9S0YiTMkS,http://pbs.org/nec/nisi/volutpat/eleifend.aspx,https://yelp.com/ultrices/vel/augue/vestibulum.jsp
Erinn Clemente,eclementece@blinklist.com,Fanoodle,U4XM7bwBo3,https://imageshack.us/nisl/aenean.jpg,http://bloglines.com/at/dolor/quis/odio/consequat/varius.json
Cammy Christley,cchristleycf@salon.com,Topiclounge,ISy1VG,http://abc.net.au/id/luctus.js,https://spiegel.de/lobortis/ligula.json
Cindie Eicheler,ceichelercg@elpais.com,Yacero,pXxaaAjGT,https://umn.edu/proin/at/turpis.aspx,https://reddit.com/luctus/cum/sociis/natoque/penatibus/et.jsp
Zahara Paddell,zpaddellch@ihg.com,Nlounge,Hfyzs1z,http://mapquest.com/curae/nulla/dapibus/dolor/vel/est/donec.aspx,http://etsy.com/justo/pellentesque/viverra/pede/ac/diam/cras.js
Karol Brickwood,kbrickwoodci@un.org,Thoughtblab,V40qxTfrRA,https://parallels.com/platea/dictumst/aliquam/augue.jsp,https://list-manage.com/nisl/ut/volutpat/sapien/arcu/sed/augue.json
Kendrick Beswell,kbeswellcj@sfgate.com,Divavu,Bonz7hw0,https://ezinearticles.com/porttitor/pede/justo/eu/massa.xml,https://cbslocal.com/morbi/a/ipsum/integer.xml
Renae Regenhardt,rregenhardtck@wisc.edu,Wordpedia,WTCkBU,http://stumbleupon.com/morbi/non/lectus/aliquam/sit.json,http://ted.com/imperdiet/et/commodo/vulputate.xml
Wileen Hayen,whayencl@wisc.edu,Devpulse,Wios44q,https://telegraph.co.uk/tristique/tortor.js,https://techcrunch.com/eget/semper/rutrum/nulla/nunc.js
Annie Crigin,acrigincm@csmonitor.com,Gigabox,hVXpzrToz,http://1688.com/ante/ipsum/primis/in/faucibus/orci.jpg,http://fastcompany.com/luctus/et.jpg
Lari Klulisek,lklulisekcn@nhs.uk,Zoozzy,A61xSdC,http://exblog.jp/morbi/quis/tortor/id/nulla/ultrices/aliquet.json,https://rambler.ru/luctus.json
Cullie McKinney,cmckinneyco@ibm.com,Aivee,ux3vwhS1a,https://1und1.de/sit/amet/nulla/quisque/arcu/libero.html,http://amazon.co.uk/id/nulla/ultrices.html
Wynnie Shaw,wshawcp@canalblog.com,Brainverse,r1CtjYesaq6,https://toplist.cz/ipsum/dolor/sit/amet/consectetuer/adipiscing/elit.aspx,https://discovery.com/convallis/nunc.jpg
Kristopher Hoff,khoffcq@ehow.com,Devpulse,gzVgkyYu1ai,http://chron.com/tortor/sollicitudin/mi/sit/amet/lobortis/sapien.jpg,https://amazon.de/lectus/in.xml
Lanita Breeton,lbreetoncr@livejournal.com,Zooveo,mk0E8gue,https://parallels.com/convallis.jpg,https://i2i.jp/curabitur/at/ipsum/ac.json
Elana Callway,ecallwaycs@apache.org,Demizz,TiyMAAIrNcw,https://princeton.edu/mauris.js,https://usgs.gov/hendrerit.js
Noble Nurse,nnursect@cafepress.com,Ailane,vPTw3sb,https://dion.ne.jp/et/ultrices/posuere/cubilia/curae/mauris/viverra.js,https://goodreads.com/vel.js
Rozella Yendle,ryendlecu@spotify.com,Yadel,EvRzauU7RTs,http://sakura.ne.jp/tortor/id/nulla/ultrices/aliquet.jsp,http://army.mil/pharetra/magna/vestibulum.json
Andree Breslin,abreslincv@feedburner.com,Voomm,6DwcOU8W,http://bloglovin.com/tellus/semper/interdum/mauris/ullamcorper/purus.xml,http://domainmarket.com/eget/eros/elementum/pellentesque.js
Amelina Binney,abinneycw@ft.com,Bluejam,ZZJA9ISbBUQm,http://bigcartel.com/odio/in.jsp,http://google.ca/ullamcorper/augue/a/suscipit/nulla/elit.json
Sumner Hakeworth,shakeworthcx@psu.edu,Innotype,mpVaCzGT36,https://mysql.com/magnis/dis/parturient/montes/nascetur/ridiculus.xml,https://acquirethisname.com/morbi/non/quam/nec/dui/luctus/rutrum.png
Faustine Milillo,fmilillocy@indiegogo.com,Chatterpoint,8NnR1haVS,http://dedecms.com/accumsan/felis/ut/at/dolor.png,http://blogtalkradio.com/amet/sem/fusce.json
Caddric Kearn,ckearncz@cornell.edu,Voonder,HxW6aSuyCbiN,http://sourceforge.net/orci/luctus/et/ultrices/posuere/cubilia.jpg,https://godaddy.com/mauris/viverra.jsp
Hayley Gennings,hgenningsd0@mozilla.org,Edgetag,GnPwX4Grrd,https://state.gov/vestibulum/proin/eu/mi/nulla.html,https://weather.com/nec/euismod/scelerisque.jpg
Barrie Gouth,bgouthd1@hhs.gov,Jabbersphere,32FHPX,http://ow.ly/ultrices/posuere/cubilia/curae/mauris/viverra.html,https://tmall.com/ac/tellus.js
Der Bafford,dbaffordd2@disqus.com,Realbuzz,zeT02o,https://msn.com/consequat/dui/nec/nisi.html,https://nps.gov/duis/faucibus/accumsan.html
Margie Middlemiss,mmiddlemissd3@histats.com,Centidel,GAQhKE0TRh3,https://desdev.cn/fusce/lacus/purus/aliquet/at.jsp,http://seesaa.net/amet/lobortis/sapien/sapien/non/mi/integer.js
Evita Python,epythond4@goodreads.com,Topicblab,ctod41vg,https://dion.ne.jp/in/libero/ut/massa/volutpat/convallis.js,http://scientificamerican.com/eget/orci.json
Lincoln Hodjetts,lhodjettsd5@creativecommons.org,Shuffletag,S6e8WS,http://g.co/pulvinar/sed/nisl/nunc/rhoncus.png,http://dion.ne.jp/sed/nisl/nunc/rhoncus.json
Kendall Vankeev,kvankeevd6@booking.com,Skynoodle,TQRVA1nzZ,https://nydailynews.com/fermentum/donec/ut/mauris.json,http://edublogs.org/pretium/nisl/ut/volutpat/sapien.aspx
Putnam Gowrie,pgowried7@slideshare.net,Twimm,hzIJdl,https://usa.gov/metus/sapien.aspx,https://utexas.edu/odio/justo.png
Letisha Dowrey,ldowreyd8@un.org,LiveZ,TnaEXRSJX,https://nydailynews.com/duis.js,http://army.mil/sagittis.js
Lenard Laraway,llarawayd9@wired.com,Skiba,i01fX7HfCYN,http://last.fm/felis/sed/lacus/morbi/sem.json,http://sogou.com/vulputate/justo.xml
Tucker Defraine,tdefraineda@free.fr,Snaptags,UsOGRgoN,https://spiegel.de/porttitor/lacus/at/turpis/donec/posuere.jpg,https://myspace.com/vestibulum/ac/est/lacinia/nisi.xml
Gena Meighan,gmeighandb@microsoft.com,Thoughtworks,3QS6DlOYocX9,https://imgur.com/dui/maecenas/tristique.jsp,https://1und1.de/viverra/eget/congue/eget/semper/rutrum/nulla.json
Lissy Powling,lpowlingdc@exblog.jp,Feedspan,mGIo6QH,https://fastcompany.com/nisi/eu/orci/mauris/lacinia.jpg,https://ucla.edu/sem/duis/aliquam/convallis.aspx
Jennifer Tollemache,jtollemachedd@narod.ru,Yozio,JEhQGWKK0,http://europa.eu/sollicitudin/ut.png,https://pen.io/vel/dapibus/at/diam.jpg
Lazaro Vinas,lvinasde@globo.com,Izio,eWaGe89,http://marriott.com/fusce/congue/diam/id/ornare/imperdiet.jpg,http://google.fr/odio/cras/mi/pede/malesuada/in.png
Pall Scurfield,pscurfielddf@histats.com,Skynoodle,1vWurrgP2lw,http://skyrock.com/nulla/integer/pede.xml,https://i2i.jp/posuere/cubilia/curae/donec/pharetra.jpg
Leanora Denver,ldenverdg@netscape.com,Innojam,faJgkoJUYt,http://typepad.com/integer/a.jsp,http://loc.gov/non/mauris.json
La verne Tessyman,lvernedh@noaa.gov,Zooveo,PJGyKxdiZpD,https://ox.ac.uk/orci/mauris.jsp,https://people.com.cn/pede/libero/quis/orci/nullam/molestie.js
Maisey Kernes,mkernesdi@google.ru,Tambee,woH6QR5f1K,https://nsw.gov.au/quis.html,https://aol.com/arcu/libero/rutrum/ac/lobortis.aspx
Mata Moulds,mmouldsdj@cdc.gov,Photobug,fqRtVzTiR,https://tmall.com/quam/fringilla/rhoncus/mauris.jpg,https://privacy.gov.au/nibh/ligula/nec/sem/duis.js
Lois Perkins,lperkinsdk@discovery.com,Livepath,3FBiV5v9Sa,https://networksolutions.com/morbi/non/quam.xml,https://youtube.com/libero/nullam/sit/amet/turpis/elementum/ligula.aspx
Lorne Elleyne,lelleynedl@opensource.org,Nlounge,7sVuWaGtzP,https://privacy.gov.au/eget/vulputate/ut.jsp,http://ocn.ne.jp/elementum/pellentesque/quisque.jpg
Lorry Addionisio,laddionisiodm@nyu.edu,Centidel,zCJlGwxM,https://flickr.com/faucibus/orci/luctus.html,http://economist.com/bibendum/morbi/non/quam.html
Giselbert Dron,gdrondn@biblegateway.com,Vinte,eQA0HxK,https://nationalgeographic.com/nisl/nunc/nisl/duis/bibendum.png,http://blog.com/eu/est/congue/elementum/in.js
Ennis Daintree,edaintreedo@bbc.co.uk,Chatterbridge,ULnKxY53,http://ucoz.com/condimentum/neque.jsp,http://tinypic.com/sed/ante/vivamus/tortor/duis/mattis.js
Merl Fendley,mfendleydp@google.co.uk,Livepath,UyCRTuJhDuPe,https://yandex.ru/ut/dolor.png,https://unc.edu/rutrum/ac/lobortis/vel/dapibus.png
Petronella Gorcke,pgorckedq@mit.edu,Feedfire,18DYEM,https://ehow.com/porttitor/pede/justo/eu/massa.png,http://drupal.org/massa/volutpat/convallis/morbi/odio.html
Erna Deguara,edeguaradr@constantcontact.com,Avaveo,ODEcflFoK,http://senate.gov/duis/at/velit.json,https://oakley.com/praesent/blandit/nam.js
Lind Biglin,lbiglinds@friendfeed.com,Yodel,5tmnbxDyDcrA,http://mozilla.com/ultrices/posuere/cubilia/curae/donec/pharetra.html,https://ihg.com/non/velit.xml
Tommy Leppo,tleppodt@people.com.cn,Oodoo,0ZTjsIhSkn,https://independent.co.uk/morbi/a/ipsum/integer/a.jpg,https://yolasite.com/dapibus/dolor/vel.json
Lawry Fligg,lfliggdu@baidu.com,Yambee,vNonnU,https://last.fm/eget/orci.js,https://wikipedia.org/congue/vivamus/metus/arcu/adipiscing/molestie.aspx
Randene Curuclis,rcuruclisdv@vinaora.com,Plajo,91LKoor,https://jiathis.com/turpis/sed/ante/vivamus.jsp,http://skype.com/in/lacus/curabitur/at/ipsum/ac/tellus.jpg
